time_utc,book,exec_day,coin,side,kind,qty,px,mid,notional,fee,reduce_only,reason,status
2026-10-10T00:02:11+00:00,paper,2026-10-10,BTC,BUY,open,0.00024,82569.137125,82548.5,19.81659291,0.00891747,,masuk,paper
2026-10-10T00:02:11+00:00,paper,2026-10-10,DOGE,SELL,open,119.0,0.08524068,0.085262,10.14364146,0.00456464,,masuk,paper
2026-10-10T00:02:11+00:00,paper,2026-10-10,ENA,BUY,open,47.0,0.21498873,0.214935,10.10447049,0.00454701,,masuk,paper
2026-10-10T00:02:11+00:00,paper,2026-10-10,ETH,SELL,open,0.0041,2485.2285375,2485.85,10.189437,0.00458525,,masuk,paper
2026-10-10T00:02:11+00:00,paper,2026-10-10,LIT,SELL,open,3.0,3.63764036,3.63855,10.91292109,0.00491081,,masuk,paper
2026-10-10T00:02:11+00:00,paper,2026-10-10,NEAR,BUY,open,2.1,4.90707646,4.90585,10.30486057,0.00463719,,masuk,paper
2026-10-10T00:02:11+00:00,paper,2026-10-10,PUMP,BUY,open,1870.0,0.00543336,0.005432,10.16037946,0.00457217,,masuk,paper
2026-10-10T00:02:11+00:00,paper,2026-10-10,SUI,BUY,open,9.5,1.06611646,1.06585,10.12810639,0.00455765,,masuk,paper
2026-10-10T00:02:11+00:00,paper,2026-10-10,VVV,SELL,open,0.46,22.0924755,22.098,10.16253873,0.00457314,,masuk,paper
2026-10-10T00:02:11+00:00,paper,2026-10-10,WLD,BUY,open,20.1,0.50564638,0.50552,10.16349224,0.00457357,,masuk,paper
2026-10-10T00:02:11+00:00,paper,2026-10-10,XPL,SELL,open,120.0,0.08457385,0.084595,10.14886215,0.00456699,,masuk,paper
2026-10-10T00:02:11+00:00,paper,2026-10-10,XRP,SELL,open,8.0,1.39510114,1.39545,11.1608091,0.00502236,,masuk,paper
2026-10-10T00:02:11+00:00,rf,2026-10-10,BTC,BUY,open,0.00024,82569.137125,82548.5,19.81659291,0.00891747,,masuk,paper
2026-10-10T00:02:11+00:00,rf,2026-10-10,DOGE,SELL,open,119.0,0.08524068,0.085262,10.14364146,0.00456464,,masuk,paper
2026-10-10T00:02:11+00:00,rf,2026-10-10,ENA,BUY,open,47.0,0.21498873,0.214935,10.10447049,0.00454701,,masuk,paper
2026-10-10T00:02:11+00:00,rf,2026-10-10,ETH,SELL,open,0.0041,2485.2285375,2485.85,10.189437,0.00458525,,masuk,paper
2026-10-10T00:02:11+00:00,rf,2026-10-10,LIT,SELL,open,3.0,3.63764036,3.63855,10.91292109,0.00491081,,masuk,paper
2026-10-10T00:02:11+00:00,rf,2026-10-10,NEAR,BUY,open,2.1,4.90707646,4.90585,10.30486057,0.00463719,,masuk,paper
2026-10-10T00:02:11+00:00,rf,2026-10-10,PUMP,BUY,open,1870.0,0.00543336,0.005432,10.16037946,0.00457217,,masuk,paper
2026-10-10T00:02:11+00:00,rf,2026-10-10,SUI,BUY,open,9.5,1.06611646,1.06585,10.12810639,0.00455765,,masuk,paper
2026-10-10T00:02:11+00:00,rf,2026-10-10,VVV,SELL,open,0.46,22.0924755,22.098,10.16253873,0.00457314,,masuk,paper
2026-10-10T00:02:11+00:00,rf,2026-10-10,WLD,BUY,open,20.1,0.50564638,0.50552,10.16349224,0.00457357,,masuk,paper
2026-10-10T00:02:11+00:00,rf,2026-10-10,XPL,SELL,open,120.0,0.08457385,0.084595,10.14886215,0.00456699,,masuk,paper
2026-10-10T00:02:11+00:00,rf,2026-10-10,XRP,SELL,open,8.0,1.39510114,1.39545,11.1608091,0.00502236,,masuk,paper
2026-10-11T00:02:11+00:00,paper,2026-10-11,ARB,BUY,open,53.0,0.18971742,0.18967,10.05502313,0.00452476,,masuk,paper
2026-10-11T00:02:11+00:00,rf,2026-10-11,ARB,BUY,open,53.0,0.18971742,0.18967,10.05502313,0.00452476,,masuk,paper
