time_utc,commit,mode,daily,live,errors,duration_s
2026-10-09T05:42:25+00:00,defee090d7,paper,0,0,,0.0
2026-10-09T12:07:17+00:00,b5b1f53b97,paper,0,0,,0.0
2026-10-09T13:07:24+00:00,b5b1f53b97,paper,0,0,,0.0
2026-10-09T14:07:31+00:00,b5b1f53b97,paper,0,0,,0.0
2026-10-09T15:07:39+00:00,b5b1f53b97,paper,0,0,,0.0
2026-10-09T16:12:12+00:00,b5b1f53b97,paper,0,0,,0.0
2026-10-09T17:12:19+00:00,b5b1f53b97,paper,0,0,,0.0
2026-10-09T18:12:50+00:00,eb70f1ba4c,paper,0,0,,0.0
2026-10-09T19:12:57+00:00,eb70f1ba4c,paper,0,0,,0.0
2026-10-09T20:22:12+00:00,eb70f1ba4c,paper,0,0,,0.0
2026-10-09T21:22:18+00:00,eb70f1ba4c,paper,0,0,,0.0
2026-10-09T22:22:24+00:00,eb70f1ba4c,paper,0,0,,0.0
2026-10-09T23:22:55+00:00,3074de125a,paper,0,0,,0.0
2026-10-10T00:02:11+00:00,3074de125a,paper,1,0,,230.3
2026-10-10T01:06:08+00:00,3074de125a,paper,0,0,,0.0
2026-10-10T02:06:16+00:00,3074de125a,paper,0,0,,0.0
2026-10-10T03:06:22+00:00,3074de125a,paper,0,0,,0.0
2026-10-10T04:12:11+00:00,c151b5283b,paper,0,0,,0.0
2026-10-10T05:12:18+00:00,c151b5283b,paper,0,0,,0.0
2026-10-10T06:12:26+00:00,c151b5283b,paper,0,0,,0.0
2026-10-10T07:12:33+00:00,c151b5283b,paper,0,0,,0.0
2026-10-10T08:22:12+00:00,c151b5283b,paper,0,0,,0.0
2026-10-10T09:22:44+00:00,150e44d663,paper,0,0,,0.0
2026-10-10T10:22:50+00:00,150e44d663,paper,0,0,,0.0
2026-10-10T11:22:55+00:00,150e44d663,paper,0,0,,0.0
2026-10-10T12:32:13+00:00,150e44d663,paper,0,0,,0.0
2026-10-10T13:32:19+00:00,150e44d663,paper,0,0,,0.0
2026-10-10T14:32:50+00:00,c1b7502e7f,paper,0,0,,0.0
2026-10-10T15:32:56+00:00,c1b7502e7f,paper,0,0,,0.0
2026-10-10T16:42:14+00:00,c1b7502e7f,paper,0,0,,0.0
2026-10-10T17:42:20+00:00,c1b7502e7f,paper,0,0,,0.0
2026-10-10T18:42:27+00:00,c1b7502e7f,paper,0,0,,0.0
2026-10-10T19:43:02+00:00,fe61253d28,paper,0,0,,0.0
2026-10-10T20:52:16+00:00,fe61253d28,paper,0,0,,0.0
2026-10-10T21:52:23+00:00,fe61253d28,paper,0,0,,0.0
2026-10-10T22:52:30+00:00,fe61253d28,paper,0,0,,0.0
2026-10-10T23:52:37+00:00,fe61253d28,paper,0,0,,0.0
