exec_day,coin,w,w_rs,w_tr,w_rf,rs_rank,in_rs,in_tr,held_paper,held_live
2026-10-10,BTC,0.09805598,0.05079854,0.04725744,0.09805598,4,1,1,1,0
2026-10-10,DOGE,-0.05079854,-0.05079854,0.0,-0.05079854,19,1,0,1,0
2026-10-10,ENA,0.05079854,0.05079854,0.0,0.05079854,3,1,0,1,0
2026-10-10,ETH,-0.05079854,-0.05079854,0.0,-0.05079854,17,1,1,1,0
2026-10-10,LIT,-0.05079854,-0.05079854,0.0,-0.05079854,14,1,0,1,0
2026-10-10,NEAR,0.05079854,0.05079854,0.0,0.05079854,1,1,0,1,0
2026-10-10,PUMP,0.05079854,0.05079854,0.0,0.05079854,2,1,0,1,0
2026-10-10,SUI,0.05079854,0.05079854,0.0,0.05079854,5,1,0,1,0
2026-10-10,VVV,-0.05079854,-0.05079854,0.0,-0.05079854,18,1,0,1,0
2026-10-10,WLD,0.05079854,0.05079854,0.0,0.05079854,8,1,0,1,0
2026-10-10,XPL,-0.05079854,-0.05079854,0.0,-0.05079854,20,1,0,1,0
2026-10-10,XRP,-0.05079854,-0.05079854,0.0,-0.05079854,16,1,0,1,0
2026-10-11,ARB,0.04356102,0.04356102,0.0,0.04356102,4,1,0,1,0
2026-10-11,BTC,0.09397317,0.04356102,0.05041215,0.09397317,5,1,1,1,0
2026-10-11,DOGE,-0.05082119,-0.05082119,0.0,-0.05082119,20,1,0,1,0
2026-10-11,ENA,0.04356102,0.04356102,0.0,0.04356102,8,1,0,1,0
2026-10-11,ETH,-0.04837805,-0.05082119,0.00244314,-0.04837805,17,1,1,1,0
2026-10-11,HYPE,0.00177431,0.0,0.00177431,0.00177431,10,1,1,0,0
2026-10-11,LIT,-0.05082119,-0.05082119,0.0,-0.05082119,15,1,0,1,0
2026-10-11,NEAR,0.04356102,0.04356102,0.0,0.04356102,1,1,0,1,0
2026-10-11,PUMP,0.04356102,0.04356102,0.0,0.04356102,2,1,0,1,0
2026-10-11,SOL,0.00509099,0.0,0.00509099,0.00509099,14,1,1,0,0
2026-10-11,SUI,0.04356102,0.04356102,0.0,0.04356102,3,1,0,1,0
2026-10-11,VVV,-0.05082119,-0.05082119,0.0,-0.05082119,18,1,0,1,0
2026-10-11,WLD,0.04356102,0.04356102,0.0,0.04356102,6,1,0,1,0
2026-10-11,XPL,-0.05082119,-0.05082119,0.0,-0.05082119,19,1,0,1,0
2026-10-11,XRP,-0.05082119,-0.05082119,0.0,-0.05082119,16,1,0,1,0
