label,sr,mdd,sr_m1,acct_end,acct_sr,acct_mdd,panel
"Binance hidup: v1.0 (pct all, tanpa hantu)",1.9097297413277925,-0.28108957607429286,1.4122650560389205,3241.497895100864,2.0770974362723886,-0.2637457452371794,Binance hidup
Binance hidup: pct hanya top-20,1.8259960246722655,-0.2963350865378701,1.293605794738095,2912.0252026996122,1.9679867335329078,-0.3031197868454538,Binance hidup
Binance hidup+hantu spot: umur = semua candle (v1.0),1.7223880653768489,-0.34791187028150083,1.2189580610448607,2224.3871551197917,1.7836768906091216,-0.30393754734878575,Binance hidup
Binance hidup+hantu spot: umur = hari nyata,1.9232143342632844,-0.2962032829084661,1.4329109866677856,3296.1440074650595,2.081737166443278,-0.2676202518788632,Binance hidup
Binance hidup+hantu spot: umur nyata + pct koin aktif,1.9459143055598818,-0.2735197378941119,1.4589731223270233,3410.640904465171,2.12199926567235,-0.23993405399993017,Binance hidup
Binance hidup+hantu spot: umur semua + pct koin aktif,1.712792177371743,-0.3482734785190721,1.191036129129897,2416.7802067822963,1.8545682215276986,-0.27690113317746723,Binance hidup
"Binance + mati: v1.0 (pct all, tanpa hantu)",1.9081311800107779,-0.3437347668971791,1.3668515588080683,2651.009211592424,1.9400465321052138,-0.33266802817088337,Binance + mati
Binance + mati: pct hanya top-20,1.836274252736916,-0.38277570758318147,1.2594634824880035,2500.1063002950873,1.883239816076396,-0.33732285896382563,Binance + mati
Binance + mati+hantu spot: umur = semua candle (v1.0),1.7766401505144462,-0.3649868149815232,1.2897854576107874,1967.8756130453887,1.7353346993055019,-0.3595599440979631,Binance + mati
Binance + mati+hantu spot: umur = hari nyata,1.9590874944576002,-0.3543300629762489,1.437024432946612,2618.466264085995,1.9288983791830072,-0.336428752507006,Binance + mati
Binance + mati+hantu spot: umur nyata + pct koin aktif,1.9328838393254226,-0.34132181797106065,1.4004489141587544,2613.8662731759246,1.9142714284830347,-0.33375233640451174,Binance + mati
Binance + mati+hantu spot: umur semua + pct koin aktif,1.7551017930553041,-0.355699471807164,1.2585707643354982,1893.3336754207046,1.6922399561894503,-0.35360397897396245,Binance + mati
