set,regime,share_days,duet_ann,duet_sr,m1_ann,m1_sr,m1L_ann,m1L_sr,m1S_ann,m1S_sr,m2_ann,m2_sr
v1.0 IS Binance+mati,BTC 90h naik,0.6306084818684696,0.9681927987686755,2.6702169854306184,0.5238056737724585,2.2378100677734496,0.5307923534050167,1.5307771405638058,-0.006986679632558105,-0.0228798190863801,0.44141776758269563,1.8190673716376202
v1.0 IS Binance+mati,BTC 90h turun,0.3693915181315304,0.05130189203206238,0.20027160118927442,-0.06662065856480417,-0.333643190432257,0.12430091142298233,0.3398265658936323,-0.1909215699877866,-0.5901521449799431,0.11658699379438973,0.9505029735418904
v1.0 IS Binance+mati,dispersi tinggi,0.49969268592501537,0.5855051310931313,1.6736327383032696,0.3667749732950052,1.497657730262402,0.5749096417990244,1.6106635270389857,-0.20813466850401924,-0.7302697138368002,0.21648659420401845,1.0271745599864788
v1.0 IS Binance+mati,dispersi rendah,0.5003073140749846,0.6734429693724995,2.2082340461343324,0.24471443759736602,1.238780620011206,0.18660474640805,0.5318957201061295,0.05810969118931598,0.1723953423623806,0.42624055494153196,2.103705280679386
v1.0 IS Binance+mati,turun & dispersi tinggi,0.1290719114935464,-0.10640541199593118,-0.372089595486652,-0.1275241901019891,-0.5332324475576108,0.18818505161724933,0.4394051842516441,-0.31570924171923836,-0.8988838285656783,0.019780855938449013,0.1573247679527787
v1.0 IS Binance hidup,BTC 90h naik,0.6306084818684696,0.9784269892687062,2.6699333250709505,0.5356960242252011,2.2477748574112977,0.6118891859662111,1.617020427465001,-0.07619316174100998,-0.21518593149886908,0.43947335409822463,1.8009540533147315
v1.0 IS Binance hidup,BTC 90h turun,0.3693915181315304,0.04911252967826051,0.19187675069498514,-0.04341256636822103,-0.21302954162796614,0.05084910342911694,0.12265307216661496,-0.09426166979733794,-0.21898293999956922,0.09068047736785931,0.761335900758441
v1.0 IS Binance hidup,dispersi tinggi,0.49969268592501537,0.6777583750885338,1.8370480327500094,0.43496333350077576,1.7318818499641033,0.6882915877154979,1.7337174116606004,-0.25332825421472216,-0.7224819978552225,0.24005885540841526,1.0816276497133006
v1.0 IS Binance hidup,dispersi rendah,0.5003073140749846,0.5925861945692253,2.0592837084850797,0.2087321601125613,1.048703159334175,0.12134834784954819,0.31340662904433386,0.08738381226301324,0.21078859898298227,0.3811188928204181,1.9955593958280424
v1.0 IS Binance hidup,turun & dispersi tinggi,0.08727719729563614,-0.8015956408082362,-3.0625515009989175,-0.5601039530514359,-2.7687577530029337,-0.3259578537099657,-0.7857369268814566,-0.23414609934147015,-0.5749039453379495,-0.24332280339233606,-2.0287924740703285
v1.0 OOS HYPE,BTC 90h naik,0.43573667711598746,1.0624873108921122,3.470099880807369,0.931274043190128,4.0974052898015705,0.6348608266620316,1.8408923344886357,0.2964132165280965,0.7785116787403095,0.12749528942514296,0.5568187383462851
v1.0 OOS HYPE,BTC 90h turun,0.5642633228840125,0.17586971774300308,0.6079717341609927,0.11778332008565075,0.5085218845151354,-0.15305658059797098,-0.48742998802177806,0.2708399006836217,0.9208626292432095,0.056634612601746875,0.36046951303618924
v1.0 OOS HYPE,dispersi tinggi,0.5,0.9841422237729478,2.703306285734475,0.847481713817265,2.9647747220089298,0.37002460373998863,0.9897897585332279,0.4774571100772764,1.3143847451220512,0.13439933298343057,0.6338264624884171
v1.0 OOS HYPE,dispersi rendah,0.5,0.1402608195357929,0.6711177744139942,0.09702041545448996,0.6266317743316134,0.010511260826704834,0.0381747244313062,0.08650915462778523,0.285571844658013,0.04062308393449611,0.24034690371638315
v1.0 OOS HYPE,turun & dispersi tinggi,0.24294670846394983,0.3567590922269779,0.9835936836065197,0.2510447472404152,0.8043715493284783,-0.18770587936905747,-0.4972605001899405,0.43875062660947295,1.2627858638085923,0.10431193961114495,0.726176658849169
v1.1 IS Binance+mati,BTC 90h naik,0.6306084818684696,0.9812501177748955,2.7056547773488915,0.5368700172689745,2.29337679079725,0.5408546631688593,1.556853453034594,-0.00398464589988487,-0.013029742819426095,0.44141776758269563,1.8190673716376202
v1.1 IS Binance+mati,BTC 90h turun,0.3693915181315304,0.06187972105203989,0.24195593307843333,-0.056066217476885,-0.28133163341791395,0.13083512599428587,0.35920687445807103,-0.186901343471171,-0.5779367755174516,0.11658699379438973,0.9505029735418904
v1.1 IS Binance+mati,dispersi tinggi,0.49969268592501537,0.6016228343412209,1.7206948705810179,0.38286706583838276,1.5651596423324572,0.5865674346858998,1.641852156317762,-0.20370036884751702,-0.7122780755743782,0.21648659420401845,1.0271745599864788
v1.1 IS Binance+mati,dispersi rendah,0.5003073140749846,0.6816129838696636,2.234275112318156,0.2529016173068241,1.2795869009115821,0.19246863726557623,0.5497032980134959,0.06043298004124776,0.1794981959816446,0.42624055494153196,2.103705280679386
v1.1 IS Binance+mati,turun & dispersi tinggi,0.1290719114935464,-0.10041328205460712,-0.35348220215136256,-0.12165739723339097,-0.5139224681508044,0.1908715488681891,0.44654553688023435,-0.3125289461015801,-0.886806991543441,0.019780855938449013,0.1573247679527787
v1.1 IS Binance hidup,BTC 90h naik,0.6306084818684696,0.9762109731646094,2.6649382773329138,0.5335566167510531,2.2379790317214683,0.6079539928757527,1.6091882807932378,-0.07439737612469953,-0.2104274914450037,0.43947335409822463,1.8009540533147315
v1.1 IS Binance hidup,BTC 90h turun,0.3693915181315304,0.05887045174148352,0.23001367977954748,-0.033648137223596324,-0.16479291002215501,0.04422843429011959,0.10679987807358353,-0.07787657151371594,-0.1811723062410345,0.09068047736785931,0.761335900758441
v1.1 IS Binance hidup,dispersi tinggi,0.49969268592501537,0.6792700547169757,1.8412690145413912,0.4364931393798842,1.7376390786558935,0.6868796020464568,1.7305832844338378,-0.2503864626665727,-0.7143825918912368,0.24005885540841526,1.0816276497133006
v1.1 IS Binance hidup,dispersi rendah,0.5003073140749846,0.5954877708582551,2.0712331974898635,0.21171699754220302,1.0619393623256523,0.11291028161561997,0.29237761751466734,0.098806715926583,0.23887349596905594,0.3811188928204181,1.9955593958280424
v1.1 IS Binance hidup,turun & dispersi tinggi,0.08727719729563614,-0.7968348199085884,-3.0483366865141512,-0.5553407106014238,-2.751921036472689,-0.3251737550044636,-0.7840276215739755,-0.23016695559696013,-0.5653277379838445,-0.24332280339233606,-2.0287924740703285
v1.1 OOS HYPE,BTC 90h naik,0.43573667711598746,0.9750447493864441,3.1776788340146407,0.8430734537112249,3.6770683375935187,0.5911605089406974,1.642842528284218,0.25191294477052756,0.6388979035872093,0.12797795642760243,0.5579831672421522
v1.1 OOS HYPE,BTC 90h turun,0.5642633228840125,0.14051180694275633,0.4865287171555918,0.07185883524420741,0.30680303137961107,-0.24347878097448367,-0.672367764815202,0.31533761621869094,0.9290998121455519,0.06714211280964091,0.4345919837214553
v1.1 OOS HYPE,dispersi tinggi,0.5,0.961917477509682,2.5325772544507714,0.6897267096315873,2.42134271317077,0.24795454667559086,0.6319293394325058,0.44177216295599653,1.2056809379913696,0.26975856393183956,1.1215010251340423
v1.1 OOS HYPE,dispersi rendah,0.5,0.04637935894431092,0.26048074307742647,0.12608395124501193,0.7680615696732069,-0.007546207068381598,-0.02299207474327063,0.13363015831339362,0.3690833697542224,-0.0824575216172809,-0.6790169428098134
v1.1 OOS HYPE,turun & dispersi tinggi,0.2225705329153605,0.370340203458399,0.9204969578925765,0.06519662559006187,0.20507483768168466,-0.6168262791156525,-1.481444317848302,0.6820229047057141,1.8245654883111195,0.3038264911718922,1.3487441228507777
