entry,exit,coin,side,pnl,notional
2025-01-01,2025-01-02,AAVE,1,0.39946938923082953,10.0
2025-01-01,2025-01-02,kSHIB,-1,-0.7217520852312941,12.654651668935285
2025-01-01,2025-01-02,TRX,1,0.34896690676955644,10.0
2025-01-01,2025-01-03,AVAX,-1,-1.4052194526989896,12.654651668935285
2025-01-01,2025-01-03,BNB,1,0.08474475518350687,10.0
2025-01-01,2025-01-03,LDO,1,1.09936618731941,10.0
2025-01-01,2025-01-05,kPEPE,1,0.6360211820598989,10.0
2025-01-03,2025-01-05,SOL,1,-0.2330933109919742,10.0
2025-01-01,2025-01-06,ENA,1,2.1359630634950193,10.0
2025-01-02,2025-01-06,WLD,-1,-1.3787865577955538,10.168078018761229
2025-01-04,2025-01-07,ETH,1,-0.7786679971567605,10.0
2025-01-02,2025-01-07,LINK,-1,0.3262531429825268,10.168078018761229
2025-01-05,2025-01-07,LTC,1,-1.1837343820958008,10.361680782601148
2025-01-06,2025-01-07,SOL,1,-0.7479744560714937,10.0
2025-01-06,2025-01-08,AVAX,1,-1.5226241095625828,10.0
2025-01-06,2025-01-09,AAVE,-1,1.8111179964837112,10.289997954726239
2025-01-07,2025-01-12,ENA,1,-1.5151998010145757,10.0
2025-01-12,2025-01-13,LDO,-1,-0.39637136399935985,10.0
2025-01-01,2025-01-13,FTM,-1,1.693331157467474,12.654651668935285
2025-01-13,2025-01-15,ETH,-1,-1.1313769429839198,11.193680608285113
2025-01-09,2025-01-18,kBONK,-1,-2.3957530003289635,10.253997714587733
2025-01-14,2025-01-18,LDO,1,-0.44209980639750696,10.0
2025-01-07,2025-01-19,ONDO,-1,-0.42533628295511733,10.163247684914674
2025-01-01,2025-01-19,SUI,1,0.381691064254784,10.0
2025-01-08,2025-01-20,BNB,1,-0.22035509523585,10.0
2025-01-17,2025-01-20,ENA,-1,1.0703109096802699,12.260106374081687
2025-01-19,2025-01-22,WLD,-1,-2.5874846811042462,12.15690354884894
2025-01-02,2025-01-23,DOGE,1,0.2717857871370114,10.0
2025-01-22,2025-01-23,ETH,-1,-0.3790621319426969,11.902016926869598
2025-01-21,2025-01-26,AVAX,-1,0.3878101546407484,11.824115419547581
2025-01-21,2025-01-27,AAVE,1,-1.8089617763101071,10.0
2025-01-28,2025-01-29,kBONK,-1,-0.7838527073733739,12.384680807199855
2025-01-25,2025-01-30,SUI,-1,0.04298519176235852,12.22752954219808
2025-01-29,2025-01-31,RUNE,-1,-0.4202936219586443,12.135322105952145
2025-01-16,2025-02-01,SOL,1,-1.639223209033901,26.77589489982395
2025-01-17,2025-02-03,LINK,1,-1.4429501948169243,10.0
2025-01-01,2025-02-04,XRP,1,1.4566910376695956,28.269448567204606
2025-02-04,2025-02-06,BNB,-1,-0.003854751058656426,10.210063215525189
2025-01-04,2025-02-07,POPCAT,-1,13.069629782936673,15.064199383006965
2025-02-06,2025-02-08,AVAX,-1,-0.040075937709016414,10.637656789699607
2025-01-31,2025-02-08,LDO,1,-3.404796482714895,10.0
2025-01-26,2025-02-10,JUP,1,-2.2177709235728438,18.00570035158764
2025-02-09,2025-02-12,SOL,1,-0.2860448837471421,14.452202568252293
2025-01-02,2025-02-13,BTC,1,-2.9603115054712763,35.326973873350475
2025-01-29,2025-02-13,ONDO,1,-0.9792997194417786,10.0
2025-02-02,2025-02-14,DOGE,-1,-0.1808434726156739,11.772238134778714
2025-02-10,2025-02-15,POPCAT,1,0.2314004041127522,12.221058985637082
2025-02-08,2025-02-17,ETH,-1,-0.5104041988260881,12.003800234391761
2025-01-19,2025-02-17,kPEPE,-1,4.568916383934752,12.15690354884894
2025-02-14,2025-02-18,JUP,1,-3.5861756251173538,14.548030360777414
2025-01-30,2025-02-21,WLD,-1,4.130169840094359,12.340487756942267
2025-02-19,2025-02-23,BTC,1,-0.09320761470809946,14.387862218996174
2025-02-23,2025-02-24,ETH,1,-1.0936676294236731,10.0
2025-01-31,2025-02-24,kBONK,-1,6.181362174997599,13.137717974319209
2025-02-11,2025-02-25,ENA,-1,0.6114005877474878,10.469085832485192
2025-02-15,2025-02-25,LDO,1,-3.2741828998980225,14.56185182214987
2025-02-13,2025-02-25,XRP,1,-1.8072027957095267,18.628907922404682
2025-02-10,2025-02-26,BNB,1,-0.11641320656209356,12.221058985637082
2025-01-01,2025-02-26,WIF,-1,10.015374416447921,17.979427181700537
2025-02-22,2025-02-27,SUI,1,-1.8682432833681017,10.0
2025-02-21,2025-02-27,TAO,1,-2.895728620656137,11.215594379370911
2025-02-18,2025-02-28,SOL,-1,1.794892396111648,14.334969828376872
2025-02-25,2025-03-02,BTC,-1,-0.7184112004795257,11.426280465184243
2025-02-24,2025-03-02,TIA,1,2.796102582791968,10.0
2025-02-24,2025-03-03,RUNE,1,-0.6471446733556465,10.0
2025-02-28,2025-03-04,AAVE,-1,-0.812976684503708,10.913923099801453
2025-02-22,2025-03-04,LINK,-1,1.812079379213468,11.134255738769669
2025-01-09,2025-03-04,LTC,1,-0.08173722321420514,10.0
2025-02-27,2025-03-05,MKR,1,-2.7727435415972157,13.06351538421514
2025-03-05,2025-03-07,ENA,-1,-2.4741989375830564,10.0
2025-02-26,2025-03-07,POPCAT,1,-2.3078912299180465,11.480689623907645
2025-03-03,2025-03-07,TIA,1,-0.7784469274424436,10.0
2025-03-05,2025-03-08,ONDO,1,-1.7900395749886466,11.58419205016355
2025-03-09,2025-03-11,MKR,1,-0.556622481274924,11.235084381399593
2025-03-10,2025-03-12,AAVE,1,-0.31102438789971076,10.0
2025-02-23,2025-03-12,kPEPE,-1,2.5668643449615014,10.0
2025-03-02,2025-03-12,LDO,-1,3.3072053166534654,10.0
2025-03-06,2025-03-12,LINK,1,-2.112777560881166,10.0
2025-03-12,2025-03-13,POPCAT,-1,-0.5907125234323036,10.0
2025-03-07,2025-03-14,ENA,1,-1.991427697758561,10.876647860150428
2025-03-04,2025-03-17,SUI,-1,0.6143478550203645,11.617443675466816
2025-03-02,2025-03-19,ADA,1,-3.3648966969098253,10.0
2025-03-18,2025-03-21,AAVE,-1,-0.5535541168755429,11.523478665984987
2025-03-20,2025-03-21,AVAX,-1,-0.2506330538235775,10.0
2025-03-20,2025-03-21,ENA,1,-0.8794134725465204,10.0
2025-03-18,2025-03-23,MKR,1,-0.40693061248734397,10.0
2025-03-02,2025-03-25,XRP,1,-3.5429143869878934,21.697245909897656
2025-02-21,2025-03-26,DOGE,-1,2.5354404770374175,13.458713255245094
2025-03-21,2025-03-26,SUI,-1,-1.6270366688224882,10.0
2025-03-11,2025-03-26,TIA,1,1.2052403575876123,10.0
2025-03-13,2025-03-27,BNB,1,1.1836347675284238,11.182481703993655
2025-03-06,2025-03-27,JUP,-1,1.0382607956343917,10.0
2025-03-27,2025-03-28,BTC,1,-0.33771327770271087,10.0
2025-03-18,2025-03-28,POPCAT,1,0.42386971390071543,10.0
2025-03-27,2025-03-29,kBONK,1,-1.812388122052389,10.858384626603115
2025-03-29,2025-03-30,ADA,1,-0.21554066243933379,11.375195766432856
2025-03-28,2025-03-31,ENA,1,-1.1726550394401838,10.771818462437048
2025-03-31,2025-04-01,ADA,1,0.2523098734635657,11.596185858164965
2025-03-24,2025-04-02,AVAX,1,-1.673172945009759,10.219049444941012
2025-03-28,2025-04-02,XRP,-1,0.8553935569127425,10.771818462437048
2025-03-27,2025-04-03,SUI,1,-2.516212298952892,13.473091357817223
2025-03-27,2025-04-03,WIF,-1,3.4297059663898697,13.03006155192374
2025-03-19,2025-04-05,ONDO,-1,0.8315551450914855,10.0
2025-03-30,2025-04-07,BNB,1,-0.9044095466979386,11.552237676082134
2025-04-05,2025-04-08,BTC,1,-0.9241250429023234,10.451714272894382
2025-04-01,2025-04-09,kBONK,1,-1.3099770963215587,11.676314141018322
2025-03-17,2025-04-09,kPEPE,1,-0.7082429096898848,11.080110736892202
2025-04-03,2025-04-09,LINK,-1,0.25443661473546153,14.392593444259003
2025-04-09,2025-04-10,BTC,1,-0.5706310187486564,14.919427361658036
2025-03-26,2025-04-10,MKR,1,-0.8510840237478966,12.995641408089288
2025-04-03,2025-04-11,ADA,1,-0.46805597742670374,11.993827870215835
2025-04-07,2025-04-11,SOL,-1,-1.6830314431903732,12.311329123904386
2025-04-10,2025-04-14,kPEPE,1,1.1242457944140853,12.462297327674612
2025-04-09,2025-04-16,ONDO,1,-0.5209540221986163,14.919427361658036
2025-04-17,2025-04-18,BTC,1,-0.07022023338431155,10.0
2025-03-12,2025-04-19,LTC,-1,1.7802184742864724,18.635589224369365
2025-04-11,2025-04-20,kBONK,1,-0.2479758617396792,12.423726149579576
2025-04-04,2025-04-20,TIA,-1,0.8600098636548043,12.09437974009441
2025-04-10,2025-04-22,AVAX,1,2.5797462197148198,12.462297327674612
2025-03-26,2025-04-23,AAVE,-1,0.7369796448521773,12.995641408089288
2025-04-03,2025-04-23,CRV,1,3.0242673326005733,11.993827870215835
2025-04-20,2025-04-27,LTC,-1,-1.4336020918416563,14.592332926300903
2025-04-24,2025-04-27,XRP,-1,-0.2275191011501936,10.237128103568761
2025-04-18,2025-05-01,kPEPE,1,2.177748107712259,11.795002994371481
2025-02-26,2025-05-02,ETH,-1,0.6062439885812174,18.635589224369365
2025-04-27,2025-05-03,ADA,-1,0.06139178655193229,13.131171915027451
2025-04-27,2025-05-03,WLD,1,-1.5416574723917276,10.0
2025-04-23,2025-05-04,WIF,1,0.13423951576533522,10.94146702761222
2025-04-24,2025-05-05,BNB,-1,0.020623389368968528,12.859387040468857
2025-04-20,2025-05-05,DOGE,-1,-1.3952358476394568,14.592332926300903
2025-04-25,2025-05-05,kBONK,1,-1.5424296832270057,10.0
2025-05-05,2025-05-07,ETH,1,-0.06164974144628867,10.0
2025-05-04,2025-05-08,CRV,1,1.5135287350118376,14.67328070540286
2025-05-06,2025-05-08,kPEPE,-1,-7.367082630257071,18.804174228422802
2025-04-29,2025-05-08,XRP,-1,-1.6186115035592905,22.223631232154023
2025-05-10,2025-05-11,XRP,1,-0.709847667906223,15.78190984854546
2025-05-09,2025-05-12,TIA,-1,-0.6331565348172203,17.3423233793877
2025-05-03,2025-05-14,AVAX,-1,-5.913144752587575,22.223631232154023
2025-04-10,2025-05-14,POPCAT,1,18.354987660257752,12.95086459079058
2025-05-12,2025-05-15,XRP,1,-1.1127438622903958,16.847400495099894
2025-04-19,2025-05-18,TAO,1,4.746803880524405,10.211953337452984
2025-05-15,2025-05-18,XRP,-1,-0.1867727409020599,10.0
2025-05-18,2025-05-19,LINK,-1,0.04690425848414806,11.526382425806052
2025-05-13,2025-05-21,CRV,-1,0.367664640007359,14.811412131247398
2025-05-20,2025-05-21,XRP,-1,-0.1928086905964234,10.0
2025-05-10,2025-05-23,ADA,-1,1.690941355595635,14.469394697174694
2025-04-22,2025-05-23,SUI,1,4.973339987205406,25.39270287549781
2025-05-22,2025-05-23,XRP,1,-0.5906128001735137,10.0
2025-05-09,2025-05-25,kPEPE,1,1.4074149298414858,17.3423233793877
2025-05-26,2025-05-27,SUI,-1,-0.5395080650061346,10.0
2025-05-17,2025-05-28,AVAX,-1,-0.833028723531218,13.547250611059788
2025-05-27,2025-05-28,TAO,1,-0.406264763014839,12.775763713370244
2025-04-15,2025-05-29,ENA,-1,-6.216160738802374,14.503140703186306
2025-04-15,2025-05-30,SOL,1,0.8875710057345628,45.309875871397075
2025-05-28,2025-05-30,SUI,-1,1.145305353675452,10.0
2025-05-29,2025-05-31,POPCAT,-1,1.351008356813528,12.534360015431709
2025-05-01,2025-06-01,ONDO,-1,1.1593999077475474,13.129176552297269
2025-06-02,2025-06-03,ENA,-1,-0.7146766403130957,15.048151685559214
2025-05-31,2025-06-03,TAO,1,-1.2622860967506486,12.300687590013045
2025-05-23,2025-06-03,XRP,-1,0.2668614874927913,10.937897735006665
2025-05-23,2025-06-04,LTC,-1,0.8595654233042489,10.937897735006665
2025-06-04,2025-06-05,POPCAT,-1,0.6418001279974294,12.488957955887072
2025-06-03,2025-06-06,SUI,-1,0.2487540017582979,14.988709853452358
2025-05-10,2025-06-06,WIF,1,-1.9108102936624354,12.402338311864023
2025-06-04,2025-06-08,AVAX,-1,-0.6109312666297909,12.488957955887072
2025-06-06,2025-06-09,SOL,-1,-1.1302318217659975,12.373868096770117
2025-06-05,2025-06-10,CRV,-1,-2.599316358901009,12.562012846207645
2025-05-21,2025-06-10,LINK,-1,0.6268705336151575,13.34415190800978
2025-05-12,2025-06-10,MOODENG,1,-2.9186303821801243,14.308862937985715
2025-06-09,2025-06-10,WIF,1,-0.040171890324714965,14.876882464342977
2025-06-10,2025-06-12,kPEPE,1,-1.2661039579737385,10.0
2025-06-09,2025-06-12,SOL,1,-0.5671436310627432,10.0
2025-06-10,2025-06-12,XRP,-1,0.5093545151632078,10.0
2025-06-03,2025-06-13,kBONK,-1,1.5607427628227837,14.988709853452358
2025-06-12,2025-06-14,BNB,1,-0.22008277019523978,15.054832175740774
2025-06-01,2025-06-14,DOGE,-1,1.5029323074839964,18.459195099797707
2025-06-10,2025-06-14,TAO,1,-2.9491503460706605,19.069277569819413
2025-06-14,2025-06-15,SOL,-1,-0.7718158310430442,12.961911920452282
2025-06-11,2025-06-18,CRV,-1,1.4481241968802312,12.771088001726271
2025-06-09,2025-06-18,WLD,-1,2.227667032402834,12.397402053619146
2025-05-16,2025-06-20,AAVE,1,0.7001376351793194,13.651271694860537
2025-06-18,2025-06-22,MOODENG,1,-2.2003984028854378,13.356245790602994
2025-06-20,2025-06-22,XRP,1,-0.6621888223758855,13.28831188511919
2025-06-14,2025-06-23,SUI,-1,0.5216067678285926,12.961911920452282
2025-06-22,2025-06-24,PURR,1,2.288384596639006,13.562876026329437
2025-05-08,2025-06-25,ETH,1,-0.8414468933316315,51.356567173055886
2025-06-16,2025-06-26,kBONK,-1,1.2001576634012263,11.387415043449154
2025-06-18,2025-06-26,UNI,1,-1.428823844739494,13.356245790602994
2025-06-26,2025-06-27,SUI,-1,-0.5589130641030384,11.909505534705932
2025-06-07,2025-06-28,POPCAT,-1,1.4160190242069037,10.561390004638582
2025-06-13,2025-06-28,MKR,1,-1.5170816568381433,12.62513751922409
2025-06-27,2025-06-29,kPEPE,-1,-1.6293415565405975,12.039129340215364
2025-06-28,2025-06-30,TAO,-1,-0.189748160076755,11.942045797467756
2025-06-29,2025-07-01,ETH,1,-0.44579188044823653,10.998599401036095
2025-06-29,2025-07-01,UNI,1,-1.318124442406186,11.85920943584229
2025-06-23,2025-07-01,WIF,1,-0.7035961769096482,11.775131800287678
2025-06-30,2025-07-03,SUI,-1,-1.2715785069349228,14.19509899821189
2025-06-30,2025-07-04,ARB,1,-0.6718285570982705,10.646324248658917
2025-06-25,2025-07-04,SEI,1,-0.8884972066725665,11.972896362351312
2025-06-28,2025-07-04,SOL,1,-0.32643007629112086,14.231757574498285
2025-06-19,2025-07-04,WLD,-1,0.8144101646280032,13.350396299931994
2025-06-15,2025-07-06,DOGE,-1,0.29468998890327197,13.216169467912245
2025-06-23,2025-07-07,CRV,-1,1.6115126167399256,13.737653767002291
2025-07-06,2025-07-07,SOL,1,-0.21402638072918898,10.0
2025-07-02,2025-07-07,WIF,1,-1.0637933913935853,14.105733541537855
2025-06-13,2025-07-09,AVAX,-1,-0.07183683554649423,15.15016502306891
2025-07-03,2025-07-09,kPEPE,-1,-1.2919804953132208,14.05212115985487
2025-06-29,2025-07-11,AAVE,1,0.7543952076894845,11.85920943584229
2025-06-24,2025-07-11,ENA,-1,-3.0770875451461626,11.923036601922616
2025-07-08,2025-07-12,CRV,-1,-3.1712103081205734,16.090921254915216
2025-07-08,2025-07-13,SOL,1,0.4050149968798821,23.490173598575755
2025-07-10,2025-07-13,MKR,-1,1.096253381619425,15.584926788727973
2025-06-22,2025-07-17,HYPE,1,6.401120205183116,35.5930851943117
2025-07-07,2025-07-17,VIRTUAL,-1,-3.9053165704189077,19.059074477683087
2025-07-18,2025-07-19,HYPE,-1,-0.03104222986719021,10.0
2025-07-04,2025-07-19,kBONK,1,12.259289601637555,16.774755237428828
2025-07-18,2025-07-20,kPEPE,-1,-1.8129948863995933,22.38112718891359
2025-07-04,2025-07-20,PENGU,1,10.797646832508425,12.369899249487839
2025-07-09,2025-07-22,FARTCOIN,-1,-9.15741396147608,19.495136760867794
2025-07-22,2025-07-23,HYPE,1,-0.5690616614164877,10.0
2025-07-22,2025-07-25,ADA,1,-1.8579541946195863,18.62386496740871
2025-07-24,2025-07-25,BNB,1,0.27543481423899036,15.176833735613899
2025-07-22,2025-07-25,SUI,-1,0.2590807943981238,15.963312829207467
2025-07-25,2025-07-27,kBONK,1,-0.8871266550437096,17.904882669833007
2025-07-22,2025-07-27,SEI,-1,0.2658310043019946,15.963312829207467
2025-07-14,2025-07-30,SOL,1,2.622446398695989,44.29792429277598
2025-06-24,2025-07-31,XRP,1,9.78113939847167,64.75036721508906
2025-04-19,2025-08-01,BTC,1,9.097715362522004,82.86430528815899
2025-07-19,2025-08-01,LINK,1,-2.950541950063114,21.590116886783612
2025-07-27,2025-08-03,BNB,1,-2.096787361316015,18.069655636766047
2025-07-06,2025-08-04,POPCAT,-1,-4.660145963088116,17.76337131155492
2025-07-28,2025-08-04,SPX,1,-3.0611375801475504,15.273616372624748
2025-07-15,2025-08-07,CRV,1,3.625606727209582,16.24594730072316
2025-07-23,2025-08-08,PENGU,1,-1.888300025220305,15.17672812181933
2025-07-21,2025-08-09,AAVE,-1,0.9773393826149075,18.840166486046808
2025-07-23,2025-08-09,HYPE,-1,-1.423280791682247,20.83395408066919
2025-08-09,2025-08-11,SOL,1,-0.30108316316365685,10.0
2025-08-11,2025-08-12,HYPE,-1,-0.38549678227156997,10.0
2025-08-03,2025-08-18,BTC,1,-0.8886876138214609,77.1643101176823
2025-08-04,2025-08-18,LTC,1,-0.7431947014816771,20.83395408066919
2025-08-13,2025-08-19,HYPE,1,-2.867700417294162,25.697108448926123
2025-08-12,2025-08-19,SOL,1,-1.33155530618271,22.24594762678217
2025-08-07,2025-08-19,XRP,1,-2.53233239907644,35.14631535478302
2025-08-20,2025-08-21,HYPE,1,-0.6193233184138246,10.0
2025-08-20,2025-08-21,SOL,1,-0.4634651319851575,10.859314744361793
2025-07-11,2025-08-21,WIF,-1,2.2488138598617935,16.04672641158793
2025-07-20,2025-08-23,ENA,1,9.383839608341606,21.052054784492732
2025-08-12,2025-08-23,SPX,-1,3.7749740730161236,16.927106545342824
2025-08-22,2025-08-23,XRP,1,-0.09793208651813375,10.0
2025-08-14,2025-08-25,ADA,1,-1.6182199564525663,15.913278996754897
2025-08-22,2025-08-25,HYPE,1,-0.5701296442292256,10.424107383445362
2025-08-23,2025-08-26,LDO,1,-2.4344636387826926,16.297620048535297
2025-08-08,2025-08-27,LINK,1,4.479406175724954,20.561798989455497
2025-08-08,2025-08-29,kBONK,-1,1.8394098072909253,24.024966102369476
2025-08-27,2025-08-31,AVAX,1,-0.710832397538272,16.053751901875476
2025-08-21,2025-09-01,AAVE,1,0.15655629878484995,15.720120479331626
2025-08-29,2025-09-03,LINK,1,0.12936903025162036,13.807216252331981
2025-08-30,2025-09-05,SUI,-1,-0.38350899491203255,19.170503946354724
2025-08-27,2025-09-06,CRV,-1,1.194172872265486,19.264502282250575
2025-07-02,2025-09-06,ETH,1,18.43436052003573,35.157727017398294
2025-09-07,2025-09-08,ETH,1,-0.01468600256267087,10.0
2025-09-02,2025-09-08,kBONK,-1,-2.1647323704731174,16.535419638770886
2025-09-08,2025-09-10,LDO,-1,-0.7613836022956261,21.764220250954676
2025-08-21,2025-09-11,BTC,-1,-0.4144104655000403,18.864144575197955
2025-08-31,2025-09-12,ENA,1,2.9763601778627553,14.193759343156946
2025-09-11,2025-09-12,ETH,-1,-0.5797835201793715,10.0
2025-07-23,2025-09-12,kPEPE,-1,1.2890789459071283,24.446430072802947
2025-09-12,2025-09-13,CRV,-1,0.31695827303258045,23.309529325123233
2025-09-13,2025-09-15,LTC,-1,1.0686149573443156,23.484169230433814
2025-09-11,2025-09-16,XRP,-1,0.017031022677471162,10.0
2025-09-15,2025-09-18,ADA,-1,-1.7394482236546969,24.064657802508442
2025-09-16,2025-09-20,XRP,1,-0.30418897325912325,13.129641646856117
2025-09-17,2025-09-21,LTC,-1,0.46080537961581897,18.28003994956856
2025-09-11,2025-09-22,BTC,1,-1.0664498951454782,45.88039826696741
2025-09-12,2025-09-22,ETH,1,-2.9296191840967625,25.73497145046964
2025-08-26,2025-09-22,HYPE,1,-2.13931774840191,32.67368510028085
2025-09-17,2025-09-22,LINK,-1,1.7954418568501194,18.28003994956856
2025-09-06,2025-09-25,AAVE,-1,2.591624420983779,33.84263495698436
2025-09-14,2025-09-25,ARB,-1,5.155193294870376,33.84263495698436
2025-09-16,2025-09-26,ENA,-1,3.318551279647262,24.358285558912193
2025-09-23,2025-09-26,HYPE,-1,-0.03682050097231842,22.310631168947257
2025-09-25,2025-09-26,LINK,-1,-1.2970740527734321,27.228938145741814
2025-08-22,2025-09-27,SOL,1,-1.8269715206744082,44.085252200427284
2025-09-25,2025-09-28,IP,1,2.351342910130778,22.690781788118176
2025-09-07,2025-09-29,DOGE,1,0.24061551890092978,17.547586652237193
2025-09-29,2025-09-30,LINK,1,-0.4114705285240651,19.335798117174317
2025-09-02,2025-10-01,AVAX,1,3.8889180641929606,16.535419638770886
2025-09-27,2025-10-01,HYPE,1,0.6619271995968096,22.21684330726761
2025-09-09,2025-10-01,WLD,1,-6.504655061486191,22.995682450792046
2025-09-29,2025-10-01,XRP,1,0.42777825534466357,19.335798117174317
2025-10-02,2025-10-03,HYPE,1,-0.2920358385629388,10.0
2025-10-01,2025-10-04,ADA,1,-0.1375426084380167,32.68214376020705
2025-10-03,2025-10-04,XRP,1,-0.5317652678810788,21.058875546633885
2025-09-26,2025-10-05,PENGU,-1,-3.4104591036714567,33.217921004747
2025-07-26,2025-10-06,FARTCOIN,-1,9.201164389252863,27.501598653503628
2025-10-06,2025-10-10,WLD,-1,8.712945378249115,25.8737549917662
2025-10-02,2025-10-11,DOGE,1,-6.928562672511415,38.16392065624419
2025-10-01,2025-10-11,SOL,1,-5.387677100531374,42.82134064781511
2025-10-11,2025-10-12,FARTCOIN,-1,-7.05619792963959,22.328728623596128
2025-10-06,2025-10-13,HYPE,-1,2.602386923079284,25.8737549917662
2025-10-04,2025-10-13,LTC,1,-3.985231838478833,22.140756163273803
2025-09-23,2025-10-14,kBONK,-1,1.087476397711008,26.805024332958407
2025-10-13,2025-10-15,FARTCOIN,-1,3.914029831296837,25.627806669955845
2025-09-29,2025-10-16,BTC,1,-4.121578048401176,81.08741039179593
2025-09-29,2025-10-17,ENA,-1,6.213364178461828,27.070117364044048
2025-10-15,2025-10-19,HYPE,-1,0.13675820186620002,32.5030884348958
2025-10-19,2025-10-20,CRV,1,-0.061225994538798276,16.18676101255853
2025-10-12,2025-10-20,SOL,1,-0.8762493594897576,22.794301177393884
2025-10-08,2025-10-20,XRP,-1,2.840876542963117,32.47397589055535
2025-10-15,2025-10-20,IP,1,-1.666472388946226,21.668725623263867
2025-08-11,2025-10-21,BNB,1,7.601056528293765,20.160352422208753
2025-10-20,2025-10-21,FARTCOIN,-1,0.4715546201187622,24.874896767350126
2025-10-21,2025-10-22,HYPE,-1,-0.6051131172456679,24.492827946273778
2025-10-20,2025-10-22,LINK,1,-1.6619204690979457,20.729080639458434
2025-10-21,2025-10-23,DOGE,1,0.06889852642747515,20.41068995522815
2025-10-01,2025-10-23,ETH,1,-4.54516505667842,49.75056724235333
2025-10-06,2025-10-24,MNT,1,-2.430514605031929,26.794474348315354
2025-10-22,2025-10-25,BNB,1,0.8495111533258579,20.6336293786542
2025-10-18,2025-10-25,ENA,1,0.38292142637549625,18.39227403627865
2025-10-23,2025-10-27,FARTCOIN,-1,-2.402567974889409,20.65093368095083
2025-10-27,2025-10-28,LTC,1,-0.5808326860653881,19.572515031137854
2025-10-17,2025-10-31,AAVE,-1,-3.219478271695212,25.85750452886878
2025-10-23,2025-11-01,SOL,1,-0.6099610844028166,20.65093368095083
2025-10-24,2025-11-01,XRP,1,-0.10177209232073466,19.82101107800071
2025-10-25,2025-11-02,BTC,1,-0.3389856211467083,23.826669278783843
2025-10-31,2025-11-04,BNB,1,-2.398102640927163,17.054851391652793
2025-10-22,2025-11-04,PENGU,-1,6.839045400879201,24.76035525438504
2025-11-04,2025-11-05,MNT,1,-0.3213956648587545,19.13451486342521
2025-11-06,2025-11-07,AAVE,1,1.0043561873355664,19.04719592120357
2025-10-18,2025-11-07,AVAX,-1,2.555678869469906,21.457653042325088
2025-11-04,2025-11-08,ADA,-1,-2.1174892036355115,22.961417836110254
2025-10-23,2025-11-10,HYPE,1,0.44549755009810127,20.65093368095083
2025-10-16,2025-11-11,TAO,1,1.4610598456037311,21.53594109257217
2025-09-26,2025-11-12,kPEPE,-1,9.441680328758268,33.217921004747
2025-11-12,2025-11-18,ADA,-1,2.836511637518591,22.2347350739385
2025-11-07,2025-11-21,SOL,-1,3.8736656965203187,19.06493766522433
2025-11-16,2025-11-22,HYPE,1,-3.66374032046959,15.926415391355878
2025-11-08,2025-11-23,NEAR,1,-7.2991846974013095,18.990780349376237
2025-10-31,2025-11-25,ENA,-1,6.351363748586765,23.87679194831391
2025-10-28,2025-11-25,TRUMP,1,-2.557328976339187,19.615102445601128
2025-11-13,2025-11-27,AVAX,-1,1.2529794573790372,18.489112049162447
2025-11-23,2025-11-27,TAO,1,-0.10181203176187745,16.35967844075631
2025-11-07,2025-11-28,ETH,-1,2.316090197133657,19.06493766522433
2025-11-02,2025-11-28,LTC,1,-3.1135703911578605,19.532942879025246
2025-11-19,2025-11-29,ADA,-1,1.651033125456182,15.800371600365631
2025-11-29,2025-11-30,HYPE,1,-0.827596933267316,11.50617887716645
2025-11-28,2025-11-30,TRUMP,-1,0.08279011264486315,18.494372719094436
2025-11-18,2025-12-02,BTC,-1,0.36355583946741876,18.74380958571757
2025-11-28,2025-12-02,ENA,1,-0.6723500214582878,15.411977265912025
2025-11-26,2025-12-02,LINK,-1,-0.01622945937177071,15.631768007142307
2025-11-16,2025-12-02,STRK,1,-6.975806156982175,15.926415391355878
2025-10-16,2025-12-02,SUI,-1,9.214280746622254,25.843129311086606
2025-11-01,2025-12-02,VIRTUAL,1,-12.045454326521188,22.44117161697007
2025-11-11,2025-12-03,UNI,1,-6.097330024333355,22.95011714311802
2025-11-24,2025-12-04,XRP,1,-0.7356844190628998,11.579924589659125
2025-12-02,2025-12-06,TAO,-1,-0.5612892294114245,22.35508404082554
2025-12-03,2025-12-08,NEAR,-1,0.7823702471054873,14.855481948273548
2025-11-29,2025-12-09,AVAX,-1,-0.5330357628068363,18.409886203466318
2025-12-02,2025-12-09,SUI,1,0.2565852226575296,14.903389360550358
2025-12-07,2025-12-10,ENA,1,-0.471231117166088,15.830910341993574
2025-12-02,2025-12-11,TRUMP,-1,1.0485775527829513,22.35508404082554
2025-12-08,2025-12-12,UNI,-1,0.6496887814935575,19.11920380717465
2025-12-11,2025-12-16,NEAR,-1,1.0181017986714451,16.789855139906834
2025-12-03,2025-12-17,ETH,1,-3.367139638909603,26.410583503542284
2025-12-02,2025-12-17,LINK,1,-2.6073579768162705,26.781072687941297
2025-12-09,2025-12-17,XRP,-1,2.3338896393360806,20.130169283845074
2025-11-30,2025-12-19,DOGE,-1,1.7077136434157518,17.967790886084966
2025-11-24,2025-12-19,FARTCOIN,1,-2.2521444174696015,25.085864633173188
2025-11-29,2025-12-21,AAVE,1,-3.2296281501852864,25.085864633173188
2025-12-13,2025-12-21,STRK,-1,3.6576425758763906,15.241827809801139
2025-12-13,2025-12-21,TNSR,1,-3.611306756307493,21.338558933721597
2025-12-11,2025-12-22,AVAX,-1,1.2292905133803629,16.789855139906834
2025-12-03,2025-12-24,HYPE,-1,4.007818827178743,20.992462984776314
2025-12-21,2025-12-25,SUI,1,-1.535958114975791,26.240578730970388
2025-12-26,2025-12-27,LTC,1,0.9454255179541298,21.598976209950678
2025-12-19,2025-12-28,ETH,1,-0.3436476334342996,26.555542099889685
2025-12-13,2025-12-29,ENA,-1,1.216381711187274,26.690191773245378
2025-12-24,2025-12-30,FARTCOIN,1,-0.4959389841378482,21.352153418596306
2025-12-28,2026-01-01,LTC,1,0.31445128987843957,22.096524100743956
2025-12-15,2026-01-02,BCH,1,2.446812868874342,17.644231752752667
2025-12-30,2026-01-02,BNB,1,0.48031251479152076,22.5814424246085
2025-12-26,2026-01-02,DOGE,-1,-2.9198235137267363,17.99914684162556
2025-12-26,2026-01-02,XRP,-1,-1.5875651951330159,17.99914684162556
2025-12-20,2026-01-03,UNI,1,-1.3039701506753947,21.267391197777492
2025-12-18,2026-01-04,TAO,-1,-5.337190468976966,26.690191773245378
2026-01-02,2026-01-05,BTC,-1,-1.0343022669965118,23.426308302592822
2026-01-01,2026-01-05,CRV,1,1.6345208775888915,16.26927075920206
2026-01-01,2026-01-06,AVAX,1,1.1883301349035915,16.26927075920206
2026-01-05,2026-01-07,BTC,1,-0.6430640899417417,22.684084597804976
2026-01-05,2026-01-07,SOL,1,-0.7539057882495047,28.390101402790936
2025-12-31,2026-01-08,ETH,1,0.17634026893290758,41.01321835190916
2026-01-08,2026-01-09,SOL,1,-0.27846182532318237,14.2009642263142
2026-01-04,2026-01-09,XRP,1,-3.0775304029855035,45.09891430270126
2026-01-07,2026-01-11,BTC,-1,0.08878376024253742,22.787648120178545
2026-01-05,2026-01-11,kBONK,1,-2.3599043507113695,16.906399884339873
2026-01-03,2026-01-12,FARTCOIN,1,-0.8768028601892067,22.985714752358025
2026-01-11,2026-01-13,BCH,1,-0.8175559173382962,16.393256503311445
2025-12-27,2026-01-14,kPEPE,1,10.263107593882172,21.959653421626236
2025-12-22,2026-01-15,AAVE,-1,-3.2002043857440747,20.993321641791987
2025-12-16,2026-01-15,ADA,-1,-1.610541831086934,26.690191773245378
2026-01-03,2026-01-17,PENGU,1,0.4664534732922842,19.584593485388265
2026-01-03,2026-01-19,SUI,1,-1.2320383772263102,19.584593485388265
2026-01-14,2026-01-20,BCH,-1,0.5721243084352506,14.867726776201442
2026-01-11,2026-01-20,SOL,1,-2.471448708204655,37.57025356707394
2026-01-13,2026-01-21,ETH,1,-3.743385147331982,35.08600365490156
2026-01-13,2026-01-21,XRP,-1,1.620809162139759,16.069485742258212
2026-01-21,2026-01-23,AAVE,1,-0.3994585679639021,23.447340744182462
2026-01-19,2026-01-23,DOGE,-1,0.5994419882255551,18.071772863183124
2026-01-23,2026-01-25,BERA,1,-4.072318590955346,25.339408555125623
2026-01-13,2026-01-25,BTC,1,-3.604976913784347,55.0302392708265
2026-01-01,2026-01-25,HYPE,-1,1.3597433448975857,28.136808893018955
2026-01-25,2026-01-27,kBONK,1,1.2784812640288232,25.14339127270331
2026-01-18,2026-01-27,IP,1,-4.05446499962564,21.24733969833107
2026-01-03,2026-01-28,UNI,-1,3.928278535033616,28.136808893018955
2026-01-20,2026-01-29,BCH,1,-0.7240167086498044,21.28666533308935
2026-01-23,2026-02-01,AVAX,-1,5.461314678896319,30.407290266150753
2026-01-10,2026-02-01,BNB,1,-4.893037179629421,31.42961478889401
2026-01-28,2026-02-02,VIRTUAL,1,-6.424323562244969,25.60682977215354
2026-02-02,2026-02-03,UNI,-1,0.41450283727729165,28.22714736018427
2026-01-14,2026-02-04,LTC,-1,5.085344024540658,41.96660124606824
2026-02-02,2026-02-05,XRP,-1,7.012528974420742,28.22714736018427
2026-02-02,2026-02-07,BCH,1,-0.7985605930630869,28.22714736018427
2026-02-04,2026-02-08,ETH,-1,0.9138390827262838,34.39061156184129
2026-01-31,2026-02-09,IP,1,-4.691374427381504,27.756112558188427
2026-02-10,2026-02-12,FARTCOIN,-1,-0.16840435502509202,23.570509961829405
2026-02-06,2026-02-13,LTC,-1,-0.02888750943853521,23.337916362309972
2026-01-27,2026-02-14,SUI,-1,7.075138809934137,41.96660124606824
2026-02-10,2026-02-14,XRP,1,1.0051508415357528,27.498928288800975
2026-02-12,2026-02-16,UNI,-1,-1.426395609835964,12.882092027837642
2026-01-09,2026-02-17,ENA,-1,14.076782286314426,41.96660124606824
2026-02-01,2026-02-17,ZRO,1,2.813198246660353,27.97773416404549
2026-01-27,2026-02-18,HYPE,1,-2.550921381677832,40.762092576275364
2026-01-27,2026-02-18,LINK,-1,7.660302932820008,41.96660124606824
2026-02-15,2026-02-19,BTC,-1,0.32595139310485305,12.658563094165617
2026-02-15,2026-02-20,AAVE,1,-1.0337437671848397,12.658563094165617
2026-02-17,2026-02-20,LTC,-1,-0.363196547886117,14.633250319366594
2026-02-20,2026-02-21,ADA,1,-0.2764246962917586,14.243177516076475
2026-02-14,2026-02-21,DOGE,1,-1.7470864197308773,15.03101765145129
2026-01-25,2026-02-23,PUMP,1,-5.111552835985817,25.14339127270331
2026-02-23,2026-02-25,AAVE,1,0.5451653766527804,14.32047511750853
2026-02-24,2026-02-25,AVAX,-1,-1.8564371238788362,12.320891092004008
2026-02-24,2026-02-25,HYPE,1,0.3528429912111562,12.320891092004008
2026-02-05,2026-02-25,SOL,-1,-4.112600271378145,33.643308725689884
2026-02-20,2026-02-25,SUI,-1,-0.22979618871846777,14.243177516076475
2026-02-21,2026-02-25,ZRO,1,-1.869330413497504,17.019929747215347
2026-01-20,2026-02-26,kPEPE,1,-4.409219817842713,28.036090604741563
2026-02-26,2026-02-27,AAVE,-1,0.13750624275160814,11.58061129501338
2026-02-23,2026-02-27,DOGE,1,0.08667559069012488,14.32047511750853
2026-02-14,2026-02-28,ETH,-1,0.8845364076487471,15.03101765145129
2026-02-28,2026-03-01,AAVE,-1,-0.1814173443738116,11.588925200949822
2026-02-26,2026-03-01,PUMP,-1,-0.7303197590006377,11.58061129501338
2026-02-17,2026-03-01,TAO,1,-1.0012156913480514,12.542785988028509
2026-02-25,2026-03-02,ADA,1,-0.8168336759091751,11.688273861809533
2026-02-25,2026-03-02,LINK,1,-0.44658305716887853,11.688273861809533
2026-02-20,2026-03-03,BTC,-1,-0.08109764290872733,14.243177516076475
2026-02-07,2026-03-04,BERA,1,25.7049702069019,27.046925858520183
2026-02-06,2026-03-04,BNB,-1,0.494925994452308,23.337916362309972
2026-03-04,2026-03-08,BTC,1,-1.725993272657187,18.366403878393058
2026-03-02,2026-03-08,XRP,-1,0.3836929417135725,11.693966268922853
2026-02-28,2026-03-09,SUI,-1,-0.5122203413732441,11.588925200949822
2026-03-03,2026-03-10,DOGE,-1,-0.6131242361647172,11.375680621533174
2026-03-10,2026-03-13,PUMP,1,-0.18715659621378397,11.452872146495471
2026-02-25,2026-03-13,UNI,1,-0.1776172099359015,11.688273861809533
2026-03-13,2026-03-14,WLFI,-1,-0.0623815212071645,13.527630339288253
2026-03-01,2026-03-15,VVV,1,0.1283040267364501,11.63421531962414
2026-02-19,2026-03-16,FARTCOIN,-1,-2.390933850093381,17.353436562719434
2026-03-14,2026-03-17,TRUMP,1,-1.1752745682921193,13.637237236786635
2026-03-16,2026-03-17,XPL,1,-0.48601634694355833,11.132547208319513
2026-03-16,2026-03-17,XRP,1,-0.17563038839450218,10.0
2026-03-15,2026-03-18,BTC,1,-0.23117481925697267,10.0
2026-02-25,2026-03-20,BCH,-1,0.5795566531814969,16.363583406533348
2026-03-01,2026-03-21,kPEPE,-1,0.3772631621328234,13.573251206228163
2026-03-20,2026-03-22,XPL,-1,0.41347655784855647,12.882089233184255
2026-03-16,2026-03-24,ETH,1,-1.7763190976287226,20.981304246104173
2026-03-11,2026-03-25,DOGE,-1,-0.5739803562074963,16.21620578305353
2026-03-06,2026-03-25,NEAR,1,0.49573327486354674,13.167314765497709
2026-03-25,2026-03-27,DOT,-1,0.641928195037481,12.972121702581545
2026-02-28,2026-03-31,ZRO,1,0.7119368973364444,11.588925200949822
2026-03-18,2026-04-01,FARTCOIN,1,-2.710311800001557,13.070923466788207
2026-02-28,2026-04-01,HYPE,1,4.2533254047939,28.793483581106837
2026-04-05,2026-04-06,HYPE,1,-0.16664633672863002,10.0
2026-04-04,2026-04-06,NEAR,1,-0.10019775147044159,15.526308979588144
2026-03-15,2026-04-07,PUMP,-1,0.5857633711890021,13.693038932593005
2026-03-22,2026-04-07,SUI,-1,-0.9582424715053925,15.375045802342477
2026-04-08,2026-04-09,FARTCOIN,1,-1.8818372098263347,13.003548236805479
2026-04-01,2026-04-09,SOL,-1,-0.31607416157663976,11.209576543047145
2026-03-08,2026-04-10,TAO,1,5.798599541273881,38.35332495560067
2026-04-06,2026-04-10,ZRO,-1,-1.1866629940709725,10.0
2026-03-16,2026-04-11,BNB,-1,1.38505692439631,12.987971743039434
2026-04-09,2026-04-13,ASTER,-1,-0.5430084662507707,23.30358044452302
2026-03-27,2026-04-14,TRUMP,-1,0.1727750570325962,23.30358044452302
2026-03-08,2026-04-16,AAVE,-1,-4.6001314199698085,23.30358044452302
2026-04-14,2026-04-17,BNB,-1,-1.195482390411164,24.60911089823759
2026-04-11,2026-04-17,DOGE,-1,-1.0843582288041944,15.688776281562696
2026-04-16,2026-04-17,FARTCOIN,1,-0.7284621768462307,16.95531221740292
2026-04-16,2026-04-17,SOL,1,-0.05677426804627766,11.115418126345206
2026-04-01,2026-04-17,XPL,1,3.5778501849584923,19.616758950332503
2026-03-25,2026-04-17,XRP,-1,-1.8940098579815179,23.30358044452302
2026-04-08,2026-04-18,NEAR,1,0.027351318230903164,13.003548236805479
2026-04-16,2026-04-19,AVAX,-1,1.2665950549129859,16.95531221740292
2026-04-20,2026-04-21,FARTCOIN,1,-0.1288972941845813,19.67028538556274
2026-04-17,2026-04-21,SOL,-1,0.4280037050118778,14.802350224389984
2026-04-17,2026-04-24,ENA,1,-2.6742232022644123,20.13234794531856
2026-04-13,2026-04-25,TAO,-1,1.219179987038361,24.568922811365045
2026-04-21,2026-04-27,NEAR,1,-0.4555631133281621,23.67478739120653
2026-03-31,2026-04-28,ETH,1,-1.3150187919004748,54.58939424707783
2026-04-23,2026-04-28,PUMP,-1,-1.1658346471999985,19.839075521860725
2026-04-07,2026-04-29,HYPE,1,0.558467505051647,53.11176010198136
2026-04-15,2026-04-29,WLD,-1,3.464163322821245,25.766098499937588
2026-05-01,2026-05-02,ETH,1,0.07630724937455877,10.0
2026-03-22,2026-05-05,VVV,1,8.011811785991176,10.982175573101769
2026-04-27,2026-05-06,kPEPE,1,1.3001554097180554,21.356739016385518
2026-04-28,2026-05-06,SOL,-1,-1.5335537176452372,25.084377046915026
2026-04-15,2026-05-06,ZRO,-1,4.597547213407772,24.013463015389267
2026-04-26,2026-05-07,DOGE,1,1.7693225192724484,21.47174874994799
2026-05-03,2026-05-07,ETH,1,-0.45166395377108737,21.79208849593418
2026-05-06,2026-05-07,PUMP,-1,-0.7544506458685989,22.544604543083622
2026-05-01,2026-05-08,NEAR,-1,-5.032885321257003,20.898455679378735
2026-05-07,2026-05-08,SOL,-1,-0.42692911891996077,10.0
2026-05-07,2026-05-09,ETH,-1,-0.314341152437472,19.276269834025
2026-05-07,2026-05-09,SUI,-1,-2.0526277909873043,19.276269834025
2026-04-29,2026-05-11,PENGU,1,1.0582295555514285,20.903659122577345
2026-05-10,2026-05-12,ETH,1,-2.263548370167261,69.05603988540713
2026-05-07,2026-05-12,FARTCOIN,1,-1.180667576141259,22.48898147302917
2026-05-01,2026-05-12,HYPE,1,-1.4768613386038831,62.09459084581379
2026-05-12,2026-05-14,ETH,-1,-0.0805056626081306,17.65541693249006
2026-05-12,2026-05-14,HYPE,-1,-2.5214663220105975,25.914166990897765
2026-04-29,2026-05-14,XRP,-1,-2.1369965558954505,25.084390947092817
2026-05-08,2026-05-15,SOL,1,-1.4385463079012342,49.620720462390345
2026-05-15,2026-05-17,MON,-1,0.2648046142957757,20.212310683651243
2026-04-18,2026-05-18,AAVE,-1,2.351001393367586,33.91666320022848
2026-04-07,2026-05-19,BTC,1,1.6616809277454458,95.86323812311473
2026-05-13,2026-05-19,DOGE,1,-2.049144132883892,23.24773876213385
2026-04-21,2026-05-19,XPL,-1,4.930257241697433,23.67478739120653
2026-05-05,2026-05-21,TON,1,1.1094632890550937,22.39128669357325
2026-05-20,2026-05-22,BTC,1,-0.28029246078156267,10.0
2026-05-20,2026-05-25,MON,-1,0.5107063404829981,21.03309436562112
2026-05-13,2026-05-25,PUMP,-1,0.03932306063027839,30.35844588003501
2026-05-11,2026-05-25,SUI,1,-5.113547448769402,26.39326726454577
2026-05-24,2026-05-26,BTC,1,-0.15660685759453424,10.0
2026-05-21,2026-05-29,XRP,-1,0.5496814487117998,18.244961496415677
2026-05-19,2026-05-31,ONDO,1,-0.2812333736915479,17.588954593656656
2026-05-30,2026-06-03,BNB,1,-2.35968438650278,16.922959315282586
2026-05-19,2026-06-04,kPEPE,-1,3.7483258637665267,30.78067053889915
2026-05-20,2026-06-05,AAVE,-1,6.201447455316278,21.03309436562112
2026-04-21,2026-06-05,ZEC,1,8.721791298801591,41.29623043414279
2026-05-06,2026-06-10,VVV,1,2.154343401284329,22.544604543083622
2026-06-10,2026-06-13,TON,1,1.325824085165601,15.896411523998927
2026-05-14,2026-06-14,FARTCOIN,-1,9.286701050627608,30.35844588003501
2026-06-03,2026-06-15,SOL,-1,-0.5852393340946153,16.242603337683068
2026-06-08,2026-06-16,ONDO,1,0.1750801777868876,16.899876826298087
2026-05-15,2026-06-17,NEAR,1,9.27764481706154,21.37177635954118
2026-06-13,2026-06-20,TAO,1,-1.6331582569433052,13.322942273201498
2026-06-20,2026-06-21,ZEC,1,-1.2828252768709032,16.291495701702722
2026-06-15,2026-06-22,FARTCOIN,-1,-0.1049724635308659,13.623541781898702
2026-06-17,2026-06-24,XLM,1,-2.9382758092544634,16.56476189711736
2026-06-22,2026-06-26,ENA,1,-2.0322380869539205,15.733750988581859
2026-05-26,2026-06-29,WLD,1,4.603724549346373,20.203222841038887
2026-06-26,2026-06-30,ASTER,1,-0.22535938411212766,15.655306559465945
2026-06-30,2026-07-01,ADA,-1,-0.7478961961357503,11.014125793761215
2026-06-13,2026-07-01,SUI,-1,0.9320229085813269,13.322942273201498
2026-05-15,2026-07-02,ETH,-1,4.832259329629561,20.212310683651243
2026-06-12,2026-07-03,XPL,1,3.791965555398364,13.22078953355521
2026-06-03,2026-07-03,XRP,-1,0.8531586561051383,16.242603337683068
2026-07-02,2026-07-04,PUMP,1,0.22551620029559796,12.830999304905427
2026-06-16,2026-07-05,BNB,-1,0.3061968945262313,11.791254271168455
2026-06-01,2026-07-06,BTC,-1,2.3041318429649262,24.11279513953352
2026-07-03,2026-07-07,ADA,1,-0.4274016959163277,12.938283900310422
2026-07-06,2026-07-07,ETH,1,-0.1746323039324597,10.0
2026-06-28,2026-07-09,FARTCOIN,1,1.1531598835734627,12.897193874599107
2026-07-01,2026-07-10,ENA,-1,-1.7346412836557548,12.73859120060305
2026-07-02,2026-07-12,WLD,-1,-0.43884075726056876,12.830999304905427
2026-07-10,2026-07-13,ETH,1,-0.13257156224213829,10.0
2026-05-14,2026-07-13,HYPE,1,9.020249779299057,45.281458332499625
2026-06-29,2026-07-13,SOL,1,-0.7339222854987537,41.29739851848144
2026-07-08,2026-07-14,SUI,-1,-0.9299029711653384,12.879394075152874
2026-07-14,2026-07-15,BTC,1,-0.057231547923077435,10.0
2026-06-14,2026-07-16,DOGE,-1,2.505041177090084,13.374482286481724
2026-07-14,2026-07-16,HYPE,1,-0.7856246333103216,10.301930363483129
2026-07-14,2026-07-16,SOL,1,-0.5355493138039656,15.489374298072518
2026-07-08,2026-07-17,TAO,-1,0.6363870258046004,12.879394075152874
2026-07-03,2026-07-18,VVV,-1,1.2698238477978405,12.938283900310422
2026-07-09,2026-07-19,LIT,1,-1.0470047435231256,13.024857139717104
2026-06-25,2026-07-20,AAVE,1,1.256966220807728,15.64394636726298
2026-07-11,2026-07-21,XRP,-1,-0.5502792431142141,13.155809181497888
2026-07-18,2026-07-23,BTC,1,-0.34629750837637496,34.58154158489371
2026-07-20,2026-07-23,SOL,1,-0.26886450885070357,10.0
2026-07-07,2026-07-23,ZEC,1,1.5351386309426382,24.65306248611917
2026-07-26,2026-07-27,BTC,1,-0.9494213263694823,35.899372211859095
2026-07-21,2026-07-28,ENA,1,-0.8472856256903323,19.847141837147863
2026-07-15,2026-07-28,XPL,-1,1.477012067026791,15.80153332806862
2026-07-30,2026-07-31,BTC,1,-0.3835711841006074,12.424221125607266
2026-07-16,2026-07-31,FARTCOIN,-1,1.1644823922989624,12.998156910479343
2026-07-31,2026-08-01,XPL,-1,-0.3393798947078502,14.320812443794823
2026-07-30,2026-08-03,KAITO,1,-2.3420352173827172,14.036802182685387
2026-08-01,2026-08-03,kBONK,-1,-0.3401145212879096,14.699847982943815
2026-07-22,2026-08-04,AAVE,1,-1.2131839310566574,16.24567702593191
2026-07-26,2026-08-04,ONDO,1,-1.0811247539825604,13.771149124275949
2026-07-16,2026-08-05,HYPE,-1,0.8513310274586705,12.998156910479343
2026-07-07,2026-08-07,UNI,1,3.1128543787465466,13.220797884169961
2026-08-02,2026-08-08,kPEPE,1,-0.28135811230196905,13.232495331019129
2026-08-07,2026-08-09,ADA,1,-0.5725613557233349,17.440768203303527
2026-08-03,2026-08-09,ENA,1,-1.0525468014005102,14.820484582724806
2026-08-07,2026-08-10,BTC,1,-0.2288874041150848,14.058469872323313
2026-07-19,2026-08-11,DOGE,-1,-0.15969093342173607,23.90456072290532
2026-08-04,2026-08-11,ZEC,1,-0.8542025832650985,23.797952204477912
2026-08-10,2026-08-12,UNI,1,-2.1170446621796155,22.17817665837109
2026-07-19,2026-08-12,WLD,-1,0.6117648890248987,23.90456072290532
2026-08-11,2026-08-13,HYPE,-1,-1.2327700141393596,22.09298444080829
2026-07-26,2026-08-13,SUI,-1,0.5734760459986389,23.90456072290532
2026-08-14,2026-08-15,ZEC,1,-0.13024603158513554,10.0
2026-08-12,2026-08-16,ONDO,-1,-0.015422969909554168,22.171749071962076
2026-08-16,2026-08-18,kPEPE,-1,-0.19265851820164165,27.752271586637878
2026-08-06,2026-08-20,LIT,1,2.09469472403977,17.216102433819604
2026-08-09,2026-08-20,XMR,1,0.5756275195662784,21.932263182840092
2026-08-05,2026-08-20,XRP,-1,-4.63501124884875,23.90456072290532
2026-08-19,2026-08-21,ONDO,-1,-3.7342158742302254,25.758068160598082
2026-08-13,2026-08-22,FARTCOIN,1,5.834404784278704,22.204972155907438
2026-08-19,2026-08-23,LINK,1,1.9588446627033695,22.078344137655495
2026-08-18,2026-08-23,SUI,-1,-8.487207506184182,28.01424675082287
2026-08-22,2026-08-25,LIT,1,0.6465424815557194,24.891492486659455
2026-08-23,2026-08-25,XMR,-1,-1.4353466224748264,35.389035058807224
2026-08-26,2026-08-27,FARTCOIN,1,-0.48825343447940883,29.73850433887645
2026-08-10,2026-08-27,KAITO,-1,13.205964042363568,33.307458233861155
2026-08-14,2026-08-29,UNI,-1,-12.239512719441654,26.851684639852333
2026-08-20,2026-08-29,WLD,-1,-0.3963837465621314,26.879151243175485
2026-07-16,2026-08-30,PUMP,1,22.144579796552293,24.891492486659455
2026-08-22,2026-09-04,ENA,1,0.4839813774237618,24.891492486659455
2026-07-22,2026-09-04,NEAR,-1,-5.4636049244270355,45.580996794494155
2026-09-01,2026-09-06,TAO,-1,-6.585725303957343,31.53036008786363
2026-08-28,2026-09-07,DOGE,-1,-2.178269258752772,35.921819309815504
2026-08-25,2026-09-07,SUI,-1,-2.731725413391834,34.814238211137734
2026-09-08,2026-09-10,AAVE,-1,2.032513400165378,32.00118411218129
2026-08-17,2026-09-10,BTC,1,10.013699909125561,90.77691862695758
2026-08-15,2026-09-10,HYPE,1,6.606600925440754,31.280239033635798
2026-08-29,2026-09-10,kPEPE,-1,3.4622182505113273,46.41635606819261
2026-09-06,2026-09-10,LINK,1,-5.59923494745398,40.421287519254555
2026-09-07,2026-09-12,ARB,1,-5.488655032610812,31.648013713516594
2026-09-07,2026-09-12,XRP,-1,0.805978836320078,37.97761645621992
2026-09-11,2026-09-14,ENA,-1,-0.6806841626999528,33.28383233590556
2026-08-28,2026-09-14,XMR,1,1.3652178390703051,48.00140540662111
2026-09-11,2026-09-15,BTC,1,-0.7918810294318294,26.799601033942157
2026-09-14,2026-09-15,HYPE,1,-0.4418743507040512,10.0
2026-08-08,2026-09-15,SOL,1,20.785067811845074,63.54974885812839
2026-09-06,2026-09-17,PUMP,-1,-0.48652366425366267,33.68440626604546
2026-08-27,2026-09-18,LIT,1,8.409945674570258,30.387331196329438
2026-09-12,2026-09-19,TAO,-1,-4.553679013140462,34.385431209279616
2026-09-10,2026-09-19,VVV,1,1.7974057806203632,27.26098157997776
2026-09-06,2026-09-23,TRUMP,-1,5.188677573332796,33.68440626604546
2026-09-23,2026-09-25,XPL,-1,-8.057779811648476,29.457928729574125
2026-08-31,2026-09-26,FARTCOIN,-1,-3.215728008597973,37.961649617538704
2026-09-21,2026-09-27,PUMP,-1,-5.148920969438232,29.28763378664214
2026-09-15,2026-09-29,ARB,1,11.171792832191228,29.326680400618752
2026-09-17,2026-09-29,HYPE,1,0.3258346880303372,25.75356468257186
2026-09-29,2026-09-30,HYPE,-1,-0.5848423639588961,10.0
2026-09-26,2026-09-30,kPEPE,-1,0.5018217688771738,24.910939047691905
2026-07-14,,ETH,1,20.1650426300006,103.96332564581863
2026-08-17,,ZEC,1,48.641910306514426,45.551449721732254
2026-08-31,,UNI,1,18.61930131491494,29.28763378664214
2026-09-09,,NEAR,1,26.683020564096633,29.28763378664214
2026-09-10,,DOGE,-1,-6.084639576267934,38.165374211968874
2026-09-16,,SOL,1,3.0899858315777653,38.657184038023814
2026-09-17,,BTC,1,2.5962051824169623,61.29661829901631
2026-09-17,,XRP,-1,-6.114116936933371,38.39870029508421
2026-09-20,,ENA,1,7.56392046860575,33.671185993978895
2026-09-24,,SUI,1,4.267862108624694,29.508972939619277
2026-09-25,,XMR,-1,0.5411380581450728,24.865723594445424
2026-09-28,,XPL,-1,0.9584828135756539,27.706201100050638
2026-09-29,,LIT,-1,-0.10237943353925016,19.791146603068036
2026-09-29,,PUMP,1,0.1343000977874328,27.707605244295248
