date,equity,pnl_price,pnl_funding,fees,orders,gross_lev,net_lev
2025-01-01,199.4701774648751,0.0,0.0,-0.09226884421382317,12,0.65282684389623,0.1391175967785933
2025-01-02,200.4026183373685,0.9538037683624823,-0.022881039878502096,-0.05232979271875059,7,0.70818836311624,0.10420222855074561
2025-01-03,202.56692924137514,1.9474347953840572,0.006426470260750279,-0.03171258706432538,4,0.6282980563816565,0.127560317257431
2025-01-04,203.5612235519689,1.01650200736881,0.0035642074863953925,-0.01437895969069162,2,0.7300125827574501,0.12921537499637786
2025-01-05,203.90053242080836,0.373882122259988,0.02136987730081063,-0.02171891007190062,3,0.6718311458920564,0.08253054466567386
2025-01-06,202.8053631916541,-0.9629574277608544,0.04173825820274184,-0.06419134896820318,7,0.7864438182603208,0.20675818811605606
2025-01-07,202.67149634943576,-0.06416420526953504,-0.007192143513479486,-0.04948602471785857,6,0.5689301506220662,0.05517969468113502
2025-01-08,204.854234141925,2.2337918869781412,0.013645165364157066,-0.013175762999656965,2,0.5506433182363268,0.07125728838220026
2025-01-09,206.09418845756255,1.2282641837474977,0.010671931545055177,-0.020378728502758986,3,0.5728019386846853,0.11680798689645852
2025-01-10,206.71281898456897,0.5761545349498098,0.042475992056615175,-0.0,0,0.5897325618580572,0.11924563711540848
2025-01-11,206.79589797641853,0.027921467838252972,0.05515752401130816,-0.0,0,0.5978221352688287,0.11933275035459996
2025-01-12,206.16525525708343,-0.8215521132026573,-0.006664560019389729,-0.005896714332419978,1,0.5478220582333387,0.07485302757434237
2025-01-13,206.892577971781,0.7669956024637667,-0.01697211989833134,-0.016109957515784677,2,0.5385731400408039,0.07917371045269297
2025-01-14,207.5859523185236,0.7439196173670706,-0.0532100849242949,-0.019308712021611472,2,0.6812910173793065,0.21547807076458828
2025-01-15,213.2743335814833,5.64175654798111,-0.06568951101505674,-0.022093494199645132,2,0.7614095628741411,0.3843145189756363
2025-01-16,214.60508295345812,1.36611603310166,-0.07550278453775863,-0.007,1,0.8006022069172425,0.435113995398612
2025-01-17,214.70590283478117,0.3690449885900813,-0.11076691621244403,-0.015768145152274527,2,0.9513362122562797,0.4242040259293547
2025-01-18,216.35128434613728,1.9486298888901927,-0.1832594104383615,-0.025955740151581506,3,0.8875794319911999,0.5116056031342854
2025-01-19,209.60160040143836,-6.228211912450046,-0.11222220515191492,-0.04091039391798065,5,0.8215743520975362,0.31574521707459086
2025-01-20,212.2150647966202,2.4686794323439494,-0.10805908734378833,-0.02204125353810843,3,0.7549199976068376,0.2824890858097606
2025-01-21,211.50586828442593,-0.7861195592829298,-0.011299200803485737,-0.01543888457303582,2,0.9019308255456338,0.270490990612387
2025-01-22,206.8393296132504,-4.913675171477364,0.03382101661989587,-0.019251075278300087,2,0.9115407250148555,0.2685397567126888
2025-01-23,206.04747643393654,-0.8296247239263201,0.0004655129379542433,-0.015990681913207388,2,0.7974249127775269,0.2757700990612261
2025-01-24,211.86486741468946,5.816740947157752,0.0006500335951420307,-0.0,0,0.749672674682634,0.2956529541637307
2025-01-25,212.6987484328433,0.7433707393332989,-0.014918667199949024,-0.008717081088584384,1,0.8061151412714843,0.23997798808640655
2025-01-26,211.73909118687848,-0.7834535931939736,-0.012117391105559799,-0.01515912385399637,2,0.7684160614027912,0.3387058105196146
2025-01-27,212.32616386596624,0.6356610088822673,-0.009851268241329402,-0.005807935788572312,1,0.7183349503438587,0.30168618513696116
2025-01-28,215.108281537919,2.8253576100087905,-0.01809346653592565,-0.00875778584895083,1,0.7334558125500067,0.25268072561347
2025-01-29,214.05519362821627,-1.3239729690156703,-0.011797353903462458,-0.02489375902447918,3,0.8008086228599347,0.29977394703051896
2025-01-30,216.30108688923153,2.3828984879143156,-0.02213893555082738,-0.017343018175373946,2,0.8208169587794827,0.3068909364971984
2025-01-31,213.47916456198567,-2.7644155498146894,-0.03992682053702508,-0.03463081282212375,4,0.8013184101240087,0.2786555300607773
2025-02-01,214.04793702647768,0.48208729347988366,-0.01945496408087657,-0.014702846860992014,2,0.7395434577322616,0.18203945643418004
2025-02-02,209.76961895828296,-3.584514383280234,-0.024736301225105024,-0.03303755117894851,3,0.6011934808824829,0.07029199829014823
2025-02-03,211.03018906642416,1.3665901676186596,-0.011682913009784666,-0.01809278565734878,2,0.662633803008973,0.1180758483044955
2025-02-04,211.42817706820378,0.3542778028857382,-0.013325563568196697,-0.02706624995082524,3,0.5326415860236277,-0.06311603281603817
2025-02-05,212.39904603772595,0.974365324516574,-0.003496354994423415,-0.0,0,0.5158709266445005,-0.05824010356128504
2025-02-06,214.84712900044133,2.4059759395799776,-0.0026805166890760145,-0.014272942118742526,2,0.49582937106390584,-0.04784390315716506
2025-02-07,214.8344908524772,-0.006690873659054658,-0.000540907624817631,-0.005406366680286823,1,0.4572996286980172,-0.01192748485191972
2025-02-08,212.79930800082545,-2.019206282517672,0.0016876004775560158,-0.020142726295893622,3,0.44645294808799957,-0.05968303956664834
2025-02-09,213.8015906919257,1.2212672339994048,-0.001477651352490116,-0.00991362348261597,1,0.5043675757735023,0.011578415762180518
2025-02-10,214.2135255377434,0.45678722828153145,-0.001263838705969158,-0.02217603052443818,3,0.5897218094351282,0.0887183154352382
2025-02-11,214.13108749778687,-0.08129297335038384,-0.0032352551115259905,-0.007173804870157093,1,0.6317412227515165,0.040556191905642185
2025-02-12,216.03151924644118,1.9938995915972364,-0.011413880214844638,-0.009593795777495227,1,0.5917794883110745,-0.014012684263467393
2025-02-13,216.58410526192694,0.6044357711122244,-0.016126647870495784,-0.028886948949841208,3,0.5558393452729412,-0.033498915252665136
2025-02-14,215.206861079875,-1.6242837949343905,-0.0030663033386582675,-0.018550501487784584,2,0.5990536953214024,0.08294378682771099
2025-02-15,215.7157142731076,0.5507318093887976,-0.03358549974713417,-0.018557096556290648,2,0.5901265150158953,0.09487661210461396
2025-02-16,214.93389683856472,-0.7618055592131315,-0.02001187532977821,-0.0,0,0.5784106428346947,0.09167735233287184
2025-02-17,213.5869595099671,-1.4210748460527753,-0.013281628031008536,-0.023566705207205586,3,0.5448321382142752,0.11791579439987727
2025-02-18,213.29467280641208,-0.35390846467972326,-0.004119848617405235,-0.017504039401503822,2,0.5366064010766489,-0.0005340891361660937
2025-02-19,215.69440674174004,2.4001169778207903,-0.009945374016040329,-0.009892131550563003,1,0.6000107429111438,0.07620628565409164
2025-02-20,212.79691498638456,-2.8886739375423898,-0.008817817813116429,-0.0,0,0.6220278689605331,0.06366913560506915
2025-02-21,210.02994975256934,-2.797071055194437,-0.03394594944510245,-0.022853285638787028,3,0.6919950762423049,0.08055439470011777
2025-02-22,208.21569639287029,-1.7458107501329558,-0.043940141279813646,-0.014680759081546911,2,0.8131098212209191,0.06815379572279057
2025-02-23,210.74378941838734,2.593441184721997,-0.026096688067918563,-0.016866502140675647,2,0.7725482984848867,0.060002482878666566
2025-02-24,211.7655321140148,1.1027693391681677,-0.011540733781266195,-0.032818897737438894,5,0.7384512357936364,0.09757723622651537
2025-02-25,212.5991427794219,1.1276722693085652,-0.017763372313327735,-0.033758735941884235,4,0.6312971082032124,-0.036024760940842546
2025-02-26,215.0349942818137,2.281181536121155,0.02539627787628236,-0.03534791305590791,4,0.6005688715709098,-0.0036648081831299304
2025-02-27,210.81369008121104,-4.049486473272046,0.012621487315390275,-0.020430566865635484,3,0.5769407004987148,-0.040045760992323175
2025-02-28,213.07549444283387,2.3079302366144248,-0.004532182462741025,-0.016058487371106153,2,0.5713052403429685,-0.021837356082342125
2025-03-01,211.4770140225769,-1.6013059114536294,0.0028254911966900057,-0.0,0,0.5692534645675282,-0.029574426255872983
2025-03-02,204.9789788736184,-6.689867071856803,0.013422111278765577,-0.046251429138730274,5,0.7285686744545199,0.037778595958834864
2025-03-03,204.6550852969912,-0.31796587114742025,0.01053093749229011,-0.013532441766478066,2,0.6101295713178245,0.03953415705468261
2025-03-04,202.354670879896,-2.0835105616282914,0.010935072805301363,-0.03076101676746213,4,0.5173396713937971,0.03335021309855227
2025-03-05,201.74445041361432,-0.49481162680176344,0.002492928916880596,-0.014,2,0.633242650952972,0.03048340604921223
2025-03-06,199.29830888534977,-2.3668286774125034,-0.006907238801998614,-0.020564295131428517,3,0.689518850349197,-0.028331281380391524
2025-03-07,194.59321722466484,-4.167095332515727,0.03032330830622691,-0.028833007569733664,3,0.5769121114809703,-0.028179579210274176
2025-03-08,195.054125550588,0.36362166077031616,0.015767403802026597,-0.005791497238765285,1,0.5220020250192566,-0.06866556020765104
2025-03-09,197.1580191960807,2.0951499417546615,0.016432295435571037,-0.0076885916975645095,1,0.5251674087658162,-0.0015959200451536165
2025-03-10,198.0960536602641,0.6567816864383546,0.02055328466537731,-0.007,1,0.5422130277350926,0.05355903133141744
2025-03-11,196.5103861235159,-1.4334921900156223,0.007918249920561978,-0.01431920865951589,2,0.5674496770567353,0.043634099779766976
2025-03-12,196.34350836538687,0.11371689858518674,0.033654070265603984,-0.037073604134525644,6,0.5158415523189019,-0.0757635898976152
2025-03-13,196.46986021221036,0.08332410663263538,0.03161722241554446,-0.015054593770503565,2,0.5058795115486066,0.0343088893804598
2025-03-14,195.48923025067722,-1.0281586437538333,0.017461734956553673,-0.005859623728974678,1,0.48267916391010574,-0.013598636513746735
2025-03-15,196.10584799444052,0.6095238992366481,0.007093844526676882,-0.0,0,0.49079781287830154,-0.010447740882018677
2025-03-16,196.17473530612227,0.06114215616183338,0.007745155519894323,-0.0,0,0.46860379161306465,-0.010132400209593084
2025-03-17,195.3047375861931,-0.9135672453284628,0.01034050791635955,-0.015196073632937861,2,0.4855256020538265,0.09631873938729053
2025-03-18,194.89808127911687,-0.5388156665396516,0.021007055210974672,-0.021892297532795375,3,0.6365165534494893,0.13920621545741227
2025-03-19,195.3715483538788,0.5639429118503247,0.011909012316683988,-0.01159488258689224,2,0.6865956559510328,0.05669334480211947
2025-03-20,195.72635769054673,0.3253155977353238,0.025550897570977105,-0.014,2,0.7692204335608063,0.058344339153862
2025-03-21,194.1425803780055,-1.4090704484838108,0.0292839615380992,-0.028687349096286896,4,0.6536814734082227,0.0656648483660665
2025-03-22,194.02932355257934,-0.14322055879196716,0.029963733365793582,-0.0,0,0.6561430853385268,0.06496503885254654
2025-03-23,194.92407661301596,0.888779988039417,0.012706437080940387,-0.006733364683752644,1,0.6201409246224695,0.019878560889621755
2025-03-24,195.03166199882742,0.13595771772174536,0.0018607892271997415,-0.007,1,0.6974725872194094,0.07171930228679219
2025-03-25,195.37232931700117,0.3144083631220065,-0.0009893991502828853,-0.012666985089605808,1,0.6142924473153077,-0.0194180512301935
2025-03-26,195.32781588067593,-0.07529003853594296,-0.0004210552214483085,-0.041205368906530905,5,0.5708925615059351,0.03924315668246156
2025-03-27,195.37540299323592,-0.05402052632843246,0.003855385039279526,-0.04759481190279472,6,0.7094379200530443,0.13397937704993004
2025-03-28,193.09986704606834,-2.226382861458221,-0.01066315477925448,-0.028873051025872794,4,0.6684437774405049,0.01937572370524302
2025-03-29,190.80369361894034,-2.2243601552631427,-0.004009822562760975,-0.014061382002359818,2,0.6485355464716299,0.019426621334952952
2025-03-30,190.3606654853157,-0.3715382112876865,0.0022008678345896747,-0.015565744550274072,2,0.646659940423438,0.019398487370069085
2025-03-31,191.13245947854594,0.726712609853392,0.00021642963650970863,-0.014464003924030985,2,0.6441859704876727,0.033214938449483256
2025-04-01,192.40493540039188,1.3111675757197916,0.00994980767648528,-0.016050438266346723,2,0.6651009651408218,0.039205651076021364
2025-04-02,191.50475843370268,-0.8650362648455875,0.010491323016449993,-0.012575227178813125,2,0.5263794026374151,0.04144410139422773
2025-04-03,189.90942535710306,-1.5153712538546724,0.015888830198341936,-0.04049149777398947,5,0.623220554345817,0.07596382193070679
2025-04-04,190.92419743353545,0.9858853421781408,0.005615711499357975,-0.008278394112485725,1,0.6900005608537506,0.01894680336442747
2025-04-05,190.83778135471198,-0.09279611306443628,0.006071480182142208,-0.01360226992670429,2,0.6891776645935803,0.12030016590364902
2025-04-06,189.59427028043586,-1.251257837190231,0.007746762914144523,-0.0,0,0.6098439960483041,0.11448953013379011
2025-04-07,191.20316178385826,1.5709006525626596,0.006259581739765308,-0.015730393525741293,2,0.6303940000915038,0.004359529797605691
2025-04-08,191.51356507430938,0.2696042115876162,0.006002447293790406,-0.0065370830193714315,1,0.5561216014058441,-0.0430023321413145
2025-04-09,191.03448328912992,-0.13010338126670762,-0.00492097261133892,-0.04524408660681768,5,0.5999424538110288,0.06673397752829974
2025-04-10,192.05654674466035,1.1559145309286394,-0.010247015665749003,-0.04377178514081918,5,0.6272188288477469,0.12708655869349741
2025-04-11,197.93889180516425,5.926101680211335,0.008521458475323714,-0.01669571158282973,2,0.6427205585726398,0.17040130050835756
2025-04-12,202.809420014433,4.885047286982017,-0.01451907771325061,-0.0,0,0.6755727299553844,0.1903959484180622
2025-04-13,199.66109997916539,-3.1480155004702466,-0.00030453479735889025,-0.0,0,0.6480979115116873,0.1776313782454155
2025-04-14,202.44427091808814,2.801542416678577,0.009964779186182323,-0.009365425307280774,1,0.5908179066742405,0.12293970910958768
2025-04-15,197.3246175255821,-5.140741831814856,0.02201845488351694,-0.017749303546294122,2,0.6973012148081861,0.08848066245360378
2025-04-16,200.9066343096801,3.554921587836079,0.008141999408220144,-0.009636870983616113,1,0.6230367164451173,0.03607335288743802
2025-04-17,200.4452557242737,-0.4630087742721238,-0.0005403165258249308,-0.007,1,0.6828867040900366,0.08378116801677069
2025-04-18,198.1335332626966,-2.3741433214953287,0.017230217900386955,-0.014861163042463125,2,0.691326947840221,0.07983835116009222
2025-04-19,199.99305490530102,1.9489406920468557,0.01287636335419065,-0.01984516519501392,3,0.7642000792219132,0.23028369530275136
2025-04-20,201.50471522500607,0.9515882448458574,0.023255873083069332,-0.03502224667075079,4,0.7883290797321585,0.09577434841408024
2025-04-21,201.9129800246004,0.43059572135083357,0.012867436425662113,-0.01419370262215349,1,0.8946044931331107,0.19803230032862054
2025-04-22,208.86355551216866,7.153033588046117,0.004954176073257011,-0.024997013064058993,3,0.8945049097512442,0.14974442865114007
2025-04-23,207.51914024713253,-1.5229091468919027,-0.007680564259134028,-0.02597034384730245,3,0.8353199686203889,0.18112007469713173
2025-04-24,211.2274234953565,3.684168352900742,-0.01207568588613615,-0.024418141125054915,3,1.0138221584587623,0.14929543275139864
2025-04-25,214.13657800237957,2.7210921777833565,0.009527748370684997,-0.02326059054354654,2,1.1747289930252238,0.31609542210184793
2025-04-26,212.7296946714403,-1.284588730071267,0.030318274264435913,-0.0074519700680421045,1,1.1352296103978745,0.36150812899216195
2025-04-27,212.12019653254583,-0.45354933983449813,-0.011010507799658918,-0.03357609601033192,4,1.1089606090002586,0.46710352138984573
2025-04-28,215.24753839674457,3.143453340439621,-0.01611147624088865,-0.0,0,1.1042313681853193,0.4749208509426745
2025-04-29,214.29202130848768,-0.9588271681727475,-0.014667618567635859,-0.007,1,1.1334985834548392,0.42601536945506796
2025-04-30,216.084203459267,1.838117787375568,-0.045935636596236035,-0.0,0,1.1302314273745044,0.43098852634982043
2025-05-01,214.36453727731674,-1.8689142713980376,-0.04226295144299688,-0.01819232484394545,2,1.1404218764665786,0.30494476615205934
2025-05-02,216.06225836196006,1.7363096117574623,-0.04784859617608559,-0.007184724913267284,1,1.0857775857052545,0.35808912960035927
2025-05-03,211.0422129639693,-4.877448148027457,-0.03923474998452072,-0.023143566540602553,3,1.0262979517164954,0.3062627693963868
2025-05-04,210.15257132811308,-0.9781409728743431,-0.02146531465709205,-0.01732319733503355,2,1.0249571033326075,0.3181921538054916
2025-05-05,214.82476095207548,4.766431086927676,-0.013251384616882305,-0.04045970092174392,5,0.9486036701205313,0.4114943287393202
2025-05-06,215.28522955522212,0.32602484608455734,-0.029531954319463222,-0.012589933016706453,1,1.0384333722222423,0.32940551865197343
2025-05-07,216.89843675211222,1.596684588466643,-0.0046906956207948,-0.0069763869228656105,1,0.9920605785374156,0.28836796240736157
2025-05-08,217.2811865868911,0.11050068016068693,-0.015297430970555533,-0.06446991971569246,5,0.9692220077539326,0.5707917992790352
2025-05-09,218.24408845121144,0.9271836492436858,-0.10229442105438634,-0.02367916634550864,2,1.1430958603466062,0.5732626976565471
2025-05-10,220.87995006333747,2.255429135794696,-0.0648601280770524,-0.030039691468382982,3,1.4038451247844086,0.6445718092413069
2025-05-11,219.2910128080544,-1.4824352901976325,-0.21004451609707697,-0.011399727392346713,1,1.3019522290567593,0.568218584544159
2025-05-12,224.22610725713304,4.69497216982426,-0.19213624266531193,-0.0451959282912106,4,1.4210636434926434,0.8661982892210343
2025-05-13,230.4973065373617,6.326037791012949,-0.15894426138464057,-0.01024590867068038,1,1.5101365806814824,0.8070708086051537
2025-05-14,223.77196418999392,-6.565100941704234,-0.08432207802982469,-0.02370398514278587,2,1.3354293896158747,0.7814740526382481
2025-05-15,218.7540568135613,-4.881435996029105,-0.052767624504028075,-0.02654025260802689,2,1.2270594036962037,0.603503036986764
2025-05-16,215.87776587528452,-2.926607358307858,-0.034974697882699676,-0.01733047605535909,2,1.2416299792605412,0.6089397970805388
2025-05-17,214.35636092790537,-1.4873522846561003,-0.016189873082283632,-0.009387171201917474,1,1.282318155168179,0.5437230318918905
2025-05-18,222.9530987346524,8.947419429124619,-0.038735910536195954,-0.03242426859017462,3,1.297035824256699,0.5369020213755429
2025-05-19,222.62250963670252,-0.26791865729756603,-0.06613344092980383,-0.015041540493312466,2,1.1757627758988853,0.5437721684292585
2025-05-20,221.43403012703217,-1.1297466536032126,-0.03002980487344388,-0.007,1,1.2364670386042869,0.49633055514758223
2025-05-21,222.3204026505203,1.120906194888075,-0.08512625886193104,-0.034163045188938895,4,1.2636921920164992,0.6000706114741873
2025-05-22,230.5075745964033,8.290927149784284,-0.15391245875289852,-0.03828459236289499,2,1.528159437197603,0.8523779928136274
2025-05-23,221.1456118810001,-9.243240712252735,-0.27050184613432326,-0.08377859887638359,6,1.1423346842070168,0.4238012686852179
2025-05-24,221.96782516001178,0.8526720071833744,-0.030458728171685618,-0.0,0,1.142039655558981,0.42607284555022035
2025-05-25,222.52325917626882,0.6224433134411529,0.012429596163524665,-0.012768033144601567,1,1.0700959723352284,0.34583737059850445
2025-05-26,222.2570451070259,-0.24768164105128726,-0.009680609070318459,-0.019932793746024635,2,1.1969353670251384,0.38332048273320923
2025-05-27,221.2419370606798,-0.8730101302022341,-0.008988646325947206,-0.01623086221101274,2,1.2248054937517434,0.4854358171297733
2025-05-28,219.2697009624943,-1.6114072458780127,-0.014191811929262561,-0.05346090697865697,5,1.19058053100694,0.49194379586755443
2025-05-29,215.82491524806116,-3.507796759021625,-0.03578896081679559,-0.05642092316297616,4,0.9130984235107401,0.2845736224977771
2025-05-30,214.74105898812678,-1.0143178476801584,-0.009038568722667051,-0.031530823752756315,3,0.6450908337769105,0.15376107347129359
2025-05-31,213.2184415374445,-1.5008989182328176,-0.009685085609312354,-0.01629237402650325,2,0.6577935209842493,0.2569993261374104
2025-06-01,213.20542720676997,0.04325527282932404,-0.01281380352925799,-0.02079790679554431,2,0.6946092296040719,0.2245403916552375
2025-06-02,215.07169816255964,1.6193056975466558,-0.010620826601178055,-0.010443145680159863,1,0.767880755790822,0.16200079234358894
2025-06-03,214.38012078286417,-0.6135363904954861,-0.0029827505342921896,-0.04662093518033759,5,0.7419699844255697,0.08960654919675787
2025-06-04,214.4789466994825,0.14256999004596727,-0.005236169526847563,-0.03667183645336351,4,0.8725528619997189,0.1033109883045038
2025-06-05,213.7054414389717,-0.7117074243782546,-0.007034469309317367,-0.03423103137378113,3,0.7031426271033989,-0.01856162244598457
2025-06-06,211.73123108746844,-1.9725574290619643,0.004357178283165771,-0.03456778886201387,4,0.7267087289945589,-0.013092507620645647
2025-06-07,210.83665905614075,-0.8812212257783028,0.000877282806329192,-0.021567497581908218,2,0.9003218254020191,0.029807759147145143
2025-06-08,210.12696253422774,-0.7353960794861415,0.005216164208786679,-0.009065822570570613,1,0.8420498852105208,0.08804366251118147
2025-06-09,209.83052977726902,0.19627223267370275,-0.0009115348590633702,-0.05054753103569504,4,1.1167748158618596,0.3141334835851912
2025-06-10,211.4287827032724,1.1886771532506732,-0.048744479958757435,-0.07464529704434171,7,1.2801260542583952,0.6206546408860829
2025-06-11,209.7843942875619,-1.5226103727223923,-0.08544505847599461,-0.018240974947787234,2,1.3753393476747549,0.6181754046091282
2025-06-12,204.65008201921992,-3.0433281591380688,-0.05053123461882973,-0.06958938419279422,6,0.9507927824594058,0.3264610807032045
2025-06-13,203.57889899005914,-0.8602903334090024,-0.014937268494411031,-0.0359543860457334,4,0.9443032767012358,0.30971714932491196
2025-06-14,202.41538835659048,-1.2634153319983308,-0.0023781766840377007,-0.04701077814523344,5,0.8514749294752024,0.14108864330166337
2025-06-15,201.5639020653946,-0.8327880625774926,-0.012141897096486401,-0.018925375364363405,2,0.8656354394717303,0.13934498277957308
2025-06-16,202.44034018674068,0.8455012666039947,-0.01688222055447943,-0.008027567007276545,1,0.9152235476088447,0.08654556442403886
2025-06-17,202.66818194994326,0.2376868676808328,-0.009845104478273381,-0.0,0,0.8819330502732068,0.08762105723987185
2025-06-18,201.50575521731258,-0.9905239188827485,-0.00901166491066328,-0.04185934747820924,5,0.8635019798215728,0.26862379135496434
2025-06-19,201.30092235496784,-0.18552106473559937,-0.021453530742776693,-0.009444597045558709,1,0.9261125526458236,0.20100764191610074
2025-06-20,200.05848999087772,-1.2498724639683851,-0.012708993411101245,-0.0427889933582409,4,0.7225014382289408,0.02460474660838081
2025-06-21,199.44330596952608,-0.6014508017602356,-0.013733219591413676,-0.0,0,0.6922429326630426,0.02166499211550783
2025-06-22,200.18578210279867,0.6118220385342948,-0.014976104309303311,-0.03930887259498449,4,0.7104479714018355,0.06576778253630385
2025-06-23,199.7992609411926,-0.3867348401749191,-0.004812137854631941,-0.038635347189383454,4,0.9402627877747186,0.20046650200888327
2025-06-24,200.55056046595945,0.8137673130404766,-0.0046908803883228545,-0.02815061454664186,3,0.9834536542815892,0.12344358823065149
2025-06-25,202.9030140307957,2.3001626682339076,-0.009157815853891261,-0.017938025110999508,2,0.9364200839707897,0.12682028856822575
2025-06-26,202.00522951508583,-0.8959326963685181,-0.024474333328559705,-0.02400989497464307,3,0.8606345074727211,0.05430323617569721
2025-06-27,202.97631850173957,0.8786356599831949,0.023354850586872162,-0.032167065748332085,3,0.9811503114222325,0.16480021752864207
2025-06-28,201.99014244314557,-0.9987982304261082,0.009760288763927571,-0.031683033888378946,4,1.0484709410408914,0.16970004244881973
2025-06-29,200.32598057988085,-1.5133978283453182,0.0032932274537733875,-0.034148740750863674,4,1.1987946555791904,0.40636314488040987
2025-06-30,201.1632864329426,0.860675466250088,-0.02587633099777732,-0.026197636371538192,3,1.2351407051411558,0.452120542484899
2025-07-01,197.86901666443018,-3.349749853625113,-0.027300178958361045,-0.03415304974696673,4,0.9560762090372189,0.19609392561583874
2025-07-02,196.54633536667671,-1.2694004942673107,-0.000385048228372441,-0.04881191698933791,3,1.3733854756915107,0.5457173123457365
2025-07-03,196.220566150085,-0.2221548606141687,-0.019468042056756237,-0.03229689742240374,3,1.460157323838298,0.6349353304022011
2025-07-04,194.77232120697323,-1.6231331571647167,-0.034689563418065714,-0.05131584206959237,6,1.2966728129310672,0.6433312661185341
2025-07-05,195.98134411759105,1.232855079041847,-0.02383216842402316,-0.0,0,1.296676741156331,0.645653185285058
2025-07-06,199.59495860521812,3.562227708628638,-0.03352989697663124,-0.039335330899253146,4,1.4591964195616993,0.7524161887872497
2025-07-07,197.4623917653769,-2.1094323072110264,-0.03986092729662619,-0.05916443326212413,6,1.3679439065642307,0.5967697067148153
2025-07-08,198.36894904457415,1.0312323385966382,-0.0322400971978445,-0.019136617579175393,2,1.5157994028336514,0.5706654625119982
2025-07-09,196.97166210910876,-1.4220502986267183,-0.03336690903179657,-0.03427053550089727,3,1.5313724457125288,0.6336326481619081
2025-07-10,200.46222164843576,3.255931539176279,-0.025176031040013,-0.03529313901183582,4,1.6611489535329262,0.6176149963935147
2025-07-11,206.9785766429486,6.494668167119831,-0.13507161195804915,-0.03112265270458546,3,1.5766476255314497,0.5614813224034919
2025-07-12,209.66194855384822,2.742571133389993,-0.05919922249041183,-0.0,0,1.558779937279775,0.567376087442558
2025-07-13,215.9158182588708,6.565818188114313,-0.06742578561987483,-0.04118021612931709,3,1.2972720131676958,0.6404429137135538
2025-07-14,217.27764832729548,1.5001050996756697,-0.23174914983185735,-0.039661810170415306,2,1.5566830653069343,0.8119208916930722
2025-07-15,219.7772834305573,2.695741827735755,-0.19090569879051458,-0.018731833687319836,2,1.6804023174122213,0.9367724170915965
2025-07-16,228.46103631722787,8.87448301217809,-0.2350252424756296,-0.00725583680973836,1,1.666530448690442,0.8948652826137876
2025-07-17,240.4103123765395,12.194909167635904,-0.24533384268701777,-0.03649064928554459,2,1.404418608735304,0.8779020634535679
2025-07-18,241.8243200222099,1.2881095659276312,-0.24831556262071455,-0.062363085321570186,4,1.5573160161598278,0.7858368315933855
2025-07-19,237.5302056190871,-3.933292077931371,-0.06671597480306778,-0.02594836179006684,2,1.632394221552439,0.8144857063169663
2025-07-20,236.84711507332463,-1.2630651837943685,-0.11623217453045184,-0.07802471171614034,5,1.391500526551644,0.8203860195918627
2025-07-21,238.78386011994837,2.0444783547421537,-0.22597222791398952,-0.013675152384016401,1,1.5048819429245512,0.741032171720863
2025-07-22,239.8381336271963,0.4516103314871352,-0.12441855775445149,-0.09486290328650245,7,1.7841246006265654,1.0299826182950242
2025-07-23,228.7916678890635,-11.359130947681338,-0.22303572319707432,-0.07236784838605038,5,1.6575280804173784,0.7190141659005839
2025-07-24,231.48639117319988,2.8078081301943363,-0.041032954716612675,-0.022670732161365795,2,1.6055495770548909,0.7193983677582236
2025-07-25,236.01869494070021,5.251243711290426,-0.12569463446569173,-0.048185245307801834,4,1.498359693318387,0.731356205180112
2025-07-26,239.74784361850737,3.894894992286799,-0.1678150845910814,-0.011198762086397848,1,1.5520277460245546,0.6695520828596477
2025-07-27,241.43872583467376,1.826218228089289,-0.1292189850324906,-0.044418240278335706,4,1.4683782312854348,0.7010565516843452
2025-07-28,241.51920638538888,0.15702145561752867,-0.06546083003479272,-0.011080074867618427,1,1.4733822945927153,0.7670110513656229
2025-07-29,239.0330027200516,-2.352385431294378,-0.051528630511021384,-0.021329185370688317,1,1.3285133207783166,0.6374194693456952
2025-07-30,239.853808713337,0.7871439238514077,-0.03997331252463282,-0.022011467446375547,2,1.1809637212933888,0.5075609781347793
2025-07-31,235.41640687831085,-4.326799682297291,-0.0286312975766238,-0.02351793027993027,2,1.0035546743415136,0.35606714295898845
2025-08-01,232.66382879671391,-2.9006857412795695,0.04748745940707476,-0.030550424989112267,3,0.7867588191675751,0.16026392723989116
2025-08-02,230.58478506007845,-2.1183859235697984,0.03934218693432418,-0.0,0,0.7684278469033419,0.1525219150816823
2025-08-03,233.810886317621,3.1790017633512835,0.039567364499951206,-0.019033924196470257,2,0.768512083607733,0.13756453126664242
2025-08-04,234.719009300661,0.9507851333219838,0.025464080380554706,-0.04862757273102729,5,0.8947975177471922,0.21923750198462427
2025-08-05,233.9704292720526,-0.7477542487254376,0.025406933484808707,-0.00838861844469555,1,0.8171696334202758,0.1654477038354463
2025-08-06,235.63812902930664,1.6398537202370838,0.016647660231447994,-0.015627881006462754,2,0.9185850533072728,0.1763048136011776
2025-08-07,234.41046463877564,-1.3167916455892776,-0.00853732588818384,-0.06120336320387827,3,1.1727853114175892,0.36675608575077473
2025-08-08,233.18592682569403,-0.9990260130690675,-0.024150578943386392,-0.0370073763382441,3,1.2982799035389576,0.3199466057255691
2025-08-09,233.3810983389745,0.34903077671008187,-0.039970821826196046,-0.056225694821284596,4,1.0876597958841139,0.4306773512034103
2025-08-10,236.35410433056518,3.0379814477078195,-0.06787330227148686,-0.05316721646961657,2,1.198251942978767,0.5522403215395877
2025-08-11,242.48900666468256,6.228520322146178,-0.05393999616965535,-0.028152659098682743,3,1.202018938088892,0.5675448018092588
2025-08-12,245.51354922310188,3.2287078074292546,-0.05894797601093393,-0.0349379608833696,3,1.3803267537513582,0.6361874965340198
2025-08-13,246.8117202084855,1.650877772752574,-0.1191662958448752,-0.018025571418423373,1,1.5079178047919735,0.7429907674368322
2025-08-14,244.51069587784602,-2.0452452424860157,-0.1165700734686475,-0.04783801980293013,2,1.2725732258896392,0.593891109066229
2025-08-15,245.42672012068218,0.9352941124672116,-0.04031650772809853,-0.00806976637349018,1,1.2024979211003042,0.5486317917126649
2025-08-16,245.12859153208387,-0.2540872790845097,-0.04404130951379355,-0.0,0,1.2117043087323751,0.5482624979603724
2025-08-17,247.79300553876266,2.7003840886111203,-0.043294700429893224,-0.0077305046166952105,1,1.1758167315195387,0.5087580048059198
2025-08-18,246.0674652654536,-1.37857516713889,-0.04839707985344975,-0.040703875694640436,3,0.9040339946973173,0.2698548535663188
2025-08-19,242.19696245092626,-3.9868491492449887,-0.01784525021527961,-0.028555141599964102,4,0.6982285837220245,0.0894873018299368
2025-08-20,244.28837884562643,2.0244717816514877,-0.007503243929423786,-0.014613722953674909,2,0.8185597666209088,0.1828324103277385
2025-08-21,242.52705044630488,-1.7585434599204646,-0.015143617277860972,-0.04857910939814683,5,0.7927179829310682,0.14164807298106383
2025-08-22,248.20785342399714,5.528861578213135,-0.020225762275763455,-0.02738178135907547,3,1.025199205491497,0.3190822904402723
2025-08-23,250.0776844567519,1.7857452595764691,-0.03608588368831548,-0.05002516346408897,5,0.9346176141296242,0.2774443431332129
2025-08-24,250.41838912546854,0.36517732025874416,-0.03361298229957685,-0.012434964670527359,1,0.9899701803348018,0.34954951615721086
2025-08-25,244.70478215775194,-5.726717822815834,-0.03373356461148604,-0.033012216580280855,4,0.8163671733707977,0.14196552373793891
2025-08-26,246.5245657092374,1.9094957609179017,-0.015482843991977822,-0.032912061098748446,2,0.9207040471133994,0.22544618565592958
2025-08-27,244.37151428427168,-1.9643827663799893,-0.019149697271102984,-0.03565950471812671,3,1.0015052281232126,0.14363531370544533
2025-08-28,243.2933732894384,-1.073274971725307,-0.004866023107992508,-0.0,0,1.0194891608919168,0.13986038206922224
2025-08-29,243.37963248892552,0.26500351628165764,-0.030426011673366074,-0.0367529378118964,3,0.8839614049478175,0.2579897394674917
2025-08-30,242.30214865202737,-1.0663450575968834,-0.03446584802249174,-0.013577010888380467,1,0.9712192300875407,0.17484069949301506
2025-08-31,243.69971209818027,1.4106307737364248,-0.007213274764594081,-0.020955180967137662,2,0.9491598381765665,0.17510217108470635
2025-09-01,242.31236363305018,-1.3372300067911678,-0.007200013495121268,-0.011255064999461365,1,0.8693024361216712,0.10423097695345337
2025-09-02,242.4236148087213,0.23998261540829913,0.002049078414247933,-0.023434273012194844,2,1.0416797733946948,0.1047302705211907
2025-09-03,244.23497417208446,1.757726181776146,-0.00329221703911622,-0.009891390406404254,1,0.9934528093367637,0.053294002065456626
2025-09-04,243.87172397701067,-0.3609471506723624,-0.002303044401433402,-0.0,0,0.9551301343948881,0.051893314488991114
2025-09-05,244.8646993952164,1.1676180395520501,-0.005723855224362098,-0.022939604695436096,2,0.9452205001780243,0.18998187431804175
2025-09-06,244.6950440571242,-0.14347875794858442,-0.019764800601115236,-0.04678764795675549,3,0.8296999429638204,0.06685562895110035
2025-09-07,244.41344448780683,-0.30803121761140195,0.00027743114430426544,-0.019438664666681947,2,0.9635225858776004,0.1794759031369587
2025-09-08,246.13921153927524,1.410581223762625,-0.0037915522494901474,-0.049418334095000405,4,1.0498394595567422,0.2113170065397042
2025-09-09,250.38727652010937,3.6379196886511487,-0.025193417301131574,-0.011400357758963982,1,1.1112783001976232,0.28988807462241767
2025-09-10,252.07675962748434,1.7924180428375762,-0.024809980379010853,-0.015874286634826207,1,1.0453986431774904,0.38501865868989443
2025-09-11,251.29766953813262,-0.6683406439879338,-0.036279704224102885,-0.034835632290871006,3,1.1013142256608013,0.42225409534364644
2025-09-12,251.2903422111611,0.03864262911075711,-0.012671061118521978,-0.0720047286884214,4,1.115009877431139,0.5049644440419826
2025-09-13,251.99001394796846,0.7845224160343138,-0.008570516786702842,-0.05099694658440047,4,1.1422809044342486,0.48287719835970205
2025-09-14,252.52247206622138,0.5071154163682862,-0.04702239210415074,-0.02429958032795946,2,1.2455990209524355,0.48338158617501387
2025-09-15,252.54136314687486,0.08592690986943227,-0.0319611514223119,-0.030151259554333426,2,1.2470507451664081,0.46189329120498146
2025-09-16,253.5211103260773,1.1728233391098757,-0.0494164164309326,-0.05162576603739752,3,1.4092648072631009,0.5617059334765652
2025-09-17,257.0056424882324,3.58279963996668,-0.06259168403597476,-0.02579564457171591,2,1.5842479131183544,0.42460667224746623
2025-09-18,258.71542660125795,1.9702798869177756,-0.08425257446451945,-0.018250169831257358,1,1.4899476637279918,0.5301897280813779
2025-09-19,258.5071217634255,-0.07744896176254251,-0.1118387148885264,-0.010178968227725979,1,1.3736043453394338,0.47403178104756666
2025-09-20,259.240800615731,0.8427420402534676,-0.0884236796038542,-0.021645648396814928,2,1.2481741646153912,0.4953288119545509
2025-09-21,257.66242111548297,-1.0868927060592155,-0.10566416509321916,-0.05447433783471386,5,1.3926360816155625,0.4085772708647636
2025-09-22,257.55198334565983,0.2511741897078934,-0.09800712580813468,-0.06005033770943147,3,0.9714895284573748,0.07664466811434771
2025-09-23,256.0878021535792,-2.0628734366194923,-0.04709722297268573,-0.0419384799518002,3,1.0773632552742884,-0.1622383927344457
2025-09-24,255.14455497453457,-0.9543165776584512,-0.014608319946950082,-0.0070558242686780065,1,1.0458058281928817,-0.1269441454594275
2025-09-25,256.3187353243412,1.49356975427411,0.040914188398130005,-0.07068142900295747,4,0.9564383794264312,0.059890668320743704
2025-09-26,253.03791511675405,-3.097597363874093,0.037158719651768896,-0.09705409212549675,5,0.9944740074852426,0.06713730034808743
2025-09-27,252.76369894848844,-0.26114977878570067,0.014122752664279597,-0.03522148903012471,2,0.9604968463144516,0.04379611317163812
2025-09-28,254.76908817677503,1.9956359181178138,0.027457366049358566,-0.017704055880596644,1,0.8974604533104941,-0.04798778770767366
2025-09-29,256.1555754478423,1.6340762983781054,0.022476184459924525,-0.07883097100234263,5,1.182698689125358,0.042589103330532035
2025-09-30,254.86335724983806,-1.1443161053123292,0.00827245736538531,-0.013391767771520407,1,1.0982085794495504,-0.03674901229975047
2025-10-01,250.64965157636394,-4.038720846338721,0.009172610228756737,-0.16404543396612878,9,1.3455679177719913,0.2051727875809894
2025-10-02,250.45413783662224,-0.453918021817729,0.025766572556626545,-0.07551642020546276,6,1.6242091227105877,0.46011751582488397
2025-10-03,253.94975390970407,3.5755808944054293,-0.010798710029862314,-0.05995189091098823,5,1.656463310418559,0.5169096144333251
2025-10-04,255.174893363566,1.3575817068556733,-0.022722293465196178,-0.04518800740853245,3,1.533508179294976,0.4404283606855683
2025-10-05,255.47641580132722,0.18700326120313213,-0.019229910856775816,-0.018433395957041937,1,1.4399074160794587,0.5437162784420345
2025-10-06,254.35406101288555,-1.2321710048353607,-0.06528518805218178,-0.09129631809125568,6,1.546048178444434,0.5428699370174823
2025-10-07,255.1081296771767,0.7323315386726887,0.0091721843487929,-0.011672985562273178,1,1.3996802463235651,0.4788638019568753
2025-10-08,257.6114200577033,2.659539728183582,-0.05531357114631752,-0.01511013175824633,1,1.5175184372984702,0.4004087258082975
2025-10-09,258.1440406976898,0.5232393332486539,-0.03956898656524943,-0.01230160301764719,1,1.3927338624178136,0.33376959955780483
2025-10-10,257.50832998942735,0.030827973060143954,0.0021359710301634815,-0.07134400044999692,4,0.9577141964187436,0.07692454020011669
2025-10-11,254.74005435321715,-1.8357850167870693,-0.030916129445172205,-0.05210618144677099,4,0.9483037243060009,-0.10701375781701204
2025-10-12,253.52320254789507,-1.5839708424438528,-0.04613779414523018,-0.047298530876370454,3,1.0121049881114421,0.038926445937537045
2025-10-13,245.11399219360834,-8.070622106657568,-0.05328239278771998,-0.047290424828407715,3,1.0210189907296807,-0.07679441234183654
2025-10-14,247.44308410495603,2.3662303903294784,-0.05997279324399074,-0.03340694356441533,2,0.8840826826187352,0.013880637555084684
2025-10-15,247.43931829587143,0.04475361365604824,-0.06086582287557377,-0.05357540278981371,3,0.9768670015435115,0.058731682520387615
2025-10-16,245.8578102951923,-1.4391745417696062,0.011204368493577144,-0.046344373285398976,3,1.0652796171855858,-0.04017799080159889
2025-10-17,244.60661107352314,-1.3166789192822335,0.04835651042382022,-0.03303029868666179,2,1.0711935567109674,-0.06531312081499963
2025-10-18,243.43881196028633,-1.269444095919667,0.050580739651564025,-0.03555509348764854,3,1.2267249874576864,-0.039312009856023
2025-10-19,245.42623403465836,1.6903124629783761,0.03420271246157546,-0.03513743996132248,3,1.183963288249266,0.07411805305347005
2025-10-20,240.42106769813668,-4.684366857682527,0.05429605782208491,-0.09597752906080696,6,1.0211095760180633,-0.06957901908674809
2025-10-21,238.4941593553505,-1.8797036497569466,0.013559026006484653,-0.0601873790108827,4,1.002771676800117,-0.060774924560587765
2025-10-22,237.7284386879835,-0.19204310252243117,-0.017029145952959103,-0.06309253400767141,4,0.9933826648532917,-0.0539467808670873
2025-10-23,238.52771783403352,0.725139496985689,-0.01578055689514016,-0.06898083591199947,5,1.127510540485614,-0.11501787272531479
2025-10-24,233.4949557155271,-5.007491936648767,0.009970952368500794,-0.025724128699193126,2,1.186617171558042,-0.12582703354623048
2025-10-25,236.39523865680377,3.105074481081034,0.016583072089381604,-0.045155153669730434,3,1.1188377258418336,-0.18161437563125693
2025-10-26,232.27166804417425,-4.050800114145184,0.0149563952796254,-0.014501267654905881,2,1.0997688217672872,-0.11340471691207968
2025-10-27,236.0221073754059,3.8647935799726567,0.00017811238620885203,-0.029756255914614123,2,1.050559685720121,0.08449450074478528
2025-10-28,239.69726086427792,3.980877857909115,-0.038107100319839465,-0.02704441163078533,2,1.019239830400798,0.10132160955694054
2025-10-29,241.1546658844924,1.5096356915789728,-0.05223067136451178,-0.0,0,1.027930866858911,0.10696930898734193
2025-10-30,243.7711806176047,2.682840660980318,-0.06632592786803518,-0.0,0,0.9475475187472322,0.11682672478988311
2025-10-31,247.2577395760078,3.555613968426846,-0.06089895957473457,-0.048765257113980234,4,1.0122294276322243,0.1356125164771276
2025-11-01,246.03194249394681,-1.1653553573426851,-0.059158002963926294,-0.025955655677568808,2,1.0071370812240843,0.1188225783931553
2025-11-02,244.67645241103398,-1.2754834664018604,-0.03477815809313016,-0.02833450906739834,2,0.9678494251028392,0.08637013124945457
2025-11-03,248.15614272843857,3.49636064781632,-0.016670330411716103,-0.0,0,0.8607689350138149,0.09924839129676624
2025-11-04,245.43414065672746,-2.5117583735396187,-0.023741337479376765,-0.05236770849685176,4,0.839917309627092,0.06584215650951714
2025-11-05,246.24342744117473,1.1439988069372546,0.004528703938581446,-0.028815015720034087,3,0.7844724013660441,-0.016043807599704866
2025-11-06,243.89586026792995,-2.310129840517004,-0.010884371943141772,-0.01318625512913109,1,0.82879714473819,0.051511036697376486
2025-11-07,245.9702087709273,2.3747018177071375,-0.03283378697489766,-0.05386768299862149,4,0.9000807110661547,-0.09753744267315848
2025-11-08,244.24904342062177,-1.7350113133323402,-0.03748654833568815,-0.030749662657178947,2,0.8541354742071127,0.07379131331381927
2025-11-09,246.57030047266377,2.3661157823099033,-0.04485873026792258,-0.0,0,0.8746401352364898,0.08269273887761741
2025-11-10,245.1054667412226,-1.1872396129399927,-0.03934889317724479,-0.01495966822190461,1,0.8010334610294937,-0.008847704510763934
2025-11-11,243.22369120638933,-1.1491290274965227,-0.04642172698773646,-0.02498579301427267,2,0.7836052152100454,0.023774083191054906
2025-11-12,239.53460589564827,-3.601323811890425,-0.06014709314553835,-0.02603229284785008,2,0.7998208842294712,-0.018560294140820038
2025-11-13,243.11440707249736,3.632304435498072,-0.02270332358059509,-0.012771660222080245,1,0.8401024695964757,-0.07846423295133842
2025-11-14,245.2282269829391,2.1435075687243788,-0.029687658282649094,-0.0,0,0.7931113704315419,-0.06904701840386662
2025-11-15,245.6191957566412,0.39095197540686927,1.6798295256104448e-05,-0.0,0,0.8038565980051844,-0.06734541197106116
2025-11-16,244.93703187015208,-0.5073338521140005,-0.009173945836212543,-0.02197309591930047,2,0.9085798439774212,0.05796507840485892
2025-11-17,246.3203226837935,1.3974638672669073,-0.014173053625496004,-0.0,0,0.8758259752520002,0.06331291691223405
2025-11-18,245.87842048609028,-0.44031792384110413,-0.018108845898685368,-0.02627082251503529,2,0.9039683348451654,0.0636614718978719
2025-11-19,250.72791346142336,4.858395164059641,-0.0114210841773639,-0.010891968123243875,1,0.94566909383119,0.019801679252154633
2025-11-20,246.73314058697946,-3.993906611368919,-0.0008662630749917341,-0.0,0,0.8950393888514814,0.003935130514880683
2025-11-21,243.87903132760687,-2.9116864965428526,-0.0013211463274087985,-0.010605462237254552,1,0.7928070771470681,0.05416579228249969
2025-11-22,237.44691469675018,-6.36744928857502,0.0022021158212264186,-0.008504963344214219,1,0.7276160655223813,-0.022352347584708415
2025-11-23,236.70867903851422,-0.7946521379231067,0.012581295028598154,-0.019505027352835706,2,0.7570140171388683,-0.005625140647930469
2025-11-24,232.01596611191513,-4.7756793382157605,0.023516658686662927,-0.016095594088945963,2,0.9010779227474627,0.07310726292773857
2025-11-25,231.32112855542715,-0.7485738310816091,0.013245115037784718,-0.023867534417638024,2,0.7665538586536231,0.07262252657621399
2025-11-26,233.41442372648817,2.1715608875648846,-0.003649610177337829,-0.010867215470657993,1,0.8539812536980437,0.014490720921845559
2025-11-27,231.28949692431172,-2.0648117842385316,-0.03376215843126798,-0.023326065918985547,2,0.7083125574838514,0.008917978455765977
2025-11-28,230.54877199802533,-0.6157386599595204,-0.013421523606532437,-0.04534939658379494,4,0.7112422973001434,0.003923363366645018
2025-11-29,229.58892743933512,-0.8323024800916548,-0.011487832770841852,-0.03851986390296955,4,0.8236278436763835,0.08046594477758957
2025-11-30,225.12679059208145,-3.677150935311327,-0.016607993047463864,-0.017836431301353258,2,0.8367050053893417,-0.04965926346302885
2025-12-01,227.7749124122512,2.6318889933552843,-0.017325424386332815,-0.012216732931904882,1,0.7042273929060013,0.03909444595745137
2025-12-02,226.74920329692785,-0.7413858783355789,0.00027024301526369166,-0.11421687354149167,8,0.7065414634615429,0.024196859265760186
2025-12-03,225.7051522969653,-0.9880726145591636,-0.00450432323758521,-0.042485164276485944,4,0.8643454124431824,-0.11719044863482897
2025-12-04,228.30170339145937,2.3788536686222166,-0.016297485278709313,-0.02391037798275994,3,0.7993278244784524,-0.1605479533689581
2025-12-05,231.97554638399578,3.709755641017646,-0.03591264848123237,-0.0,0,0.7459298987803435,-0.1420133117591436
2025-12-06,231.90947245390086,-0.026618211065638858,-0.030857831614826463,-0.008597887414418892,1,0.7005821950028457,-0.08920522855310838
2025-12-07,232.54238448788888,0.6447568197072682,-0.02109497299349499,-0.020138083599657755,2,0.7048790654187103,0.03759971593027872
2025-12-08,233.32467914592706,0.7719515862417089,-0.009114536261543255,-0.021834868597864772,2,0.742253768592177,0.012142061338896724
2025-12-09,233.28280752135583,0.07668554570048425,0.008200312107254519,-0.04515697075687933,4,0.7508444296888006,-0.011839157971834357
2025-12-10,232.82987586898406,-0.434025040347761,-0.002768642885136864,-0.02668070175256294,3,0.7669492775175838,0.019789366884367412
2025-12-11,234.03994686650015,1.3220597024106275,-0.03791300721643131,-0.038078332167661544,3,0.8154090536981627,-0.026659879327247213
2025-12-12,233.52072516580716,-0.5234166549788953,-0.015408380014637502,-0.020905629799575776,2,0.7692657008967488,0.09894493745388133
2025-12-13,232.27554645704643,-1.0358643678308195,-0.009250255355463666,-0.035973227817638606,3,1.0030535858370577,0.05526564269679646
2025-12-14,231.0168848913969,-1.6529197605317383,0.3942581948822265,-0.0,0,0.968314908534266,0.048411775625942656
2025-12-15,233.43347426322146,2.4816840875547133,0.04061550138947635,-0.012230979277936552,1,1.0042098114168934,0.13299279413449658
2025-12-16,234.03751164548225,0.5546242489744211,0.10319585533479775,-0.02156264031504063,2,1.0019133506589442,0.13731241284327136
2025-12-17,232.6098279565879,-1.3181272442808896,0.01169769337093678,-0.04474936757305755,3,0.6799372226895101,0.009836412787270274
2025-12-18,230.90365197588952,-1.7020530745561668,-0.007423663304176414,-0.025009160336349,2,0.7986109821056929,0.028448511133249366
2025-12-19,232.612883492162,1.7510140875222695,0.0542885913457128,-0.03863081400055704,3,0.7972306830415324,0.10040983321850122
2025-12-20,235.89537141394237,3.2810253321575464,0.0014625896228177932,-0.0,0,0.7933604995326831,0.11292144482706795
2025-12-21,232.8880654663008,-2.115123332098681,0.00854788300311906,-0.0599772215287421,5,0.7320278890886838,0.058887059581546906
2025-12-22,232.21976392631706,-0.4706758538007889,0.004291577118370901,-0.025329246950654173,2,0.7601561635260726,0.03226952766206154
2025-12-23,232.02612161371016,-0.19207192680110552,-0.001570385805820895,-0.0,0,0.7424942996834337,0.03146865584838163
2025-12-24,230.781310302626,-1.553768622476929,-0.017802657066710362,-0.056572830056015884,5,0.9126641046577497,0.04356367718531418
2025-12-25,231.3031152006231,0.6132886360983332,-0.03855173717376414,-0.01708721124271192,1,0.7982256097277882,-0.05941697164284441
2025-12-26,230.03212534417514,-1.206832840765563,-0.02172551714955294,-0.04007533879519055,3,1.0660477196823208,-0.12722197211270314
2025-12-27,229.4736491072908,-0.5681865125729278,-0.004647411966811471,-0.03825596861426214,3,1.057059067108474,-0.08712512499054001
2025-12-28,231.32444994146235,1.8964608653349524,0.00028511392559543713,-0.030074128164613457,2,1.0480513738588644,-0.07427820620931648
2025-12-29,230.0505735543958,-1.3669638431833269,-0.003514638720912018,-0.01234921153371373,1,0.9500014515900187,-0.0039452119624
2025-12-30,229.48254632667172,-0.6368764970410945,-0.01348390249599198,-0.03029069855048306,2,0.9606823862708821,-9.562955463440878e-05
2025-12-31,230.57065752012426,1.1618037378944974,-0.010355679480716223,-0.013093835823574332,1,1.013375729864324,0.08585262043280951
2026-01-01,231.54229536085828,0.9706666592827147,-0.006804670350178801,-0.05129933067050909,4,1.1828302743633343,0.05196244676270715
2026-01-02,229.0998280312826,-1.9927479027619928,-0.002224070403678651,-0.07427076851227618,5,1.0225286226054187,-0.0676301858565045
2026-01-03,229.2137124640233,0.2835873979431094,-0.019503461358053902,-0.08209620083766343,6,1.1107188556626966,-0.05006314255097142
2026-01-04,233.2732730632224,4.225160685355686,-0.00928729220382672,-0.02125143007342977,2,1.0918300956156275,0.09888510040701888
2026-01-05,235.11821129202679,1.9692431110320388,-0.02421749955774867,-0.08775445951342528,5,1.3005903215998182,0.4884068918218578
2026-01-06,233.70387491690425,-1.3533778720031286,-0.03424259414489861,-0.03890301468789506,3,1.4070949061519575,0.5755221444263976
2026-01-07,225.87635912018303,-7.330257990171355,-0.043566311889700796,-0.08495322051639906,4,1.0434153471306076,0.024204680595603708
2026-01-08,225.5298967407342,-0.3106519858240544,0.007016526480345411,-0.01674618684216325,2,1.0387862917008677,0.04271801310475408
2026-01-09,225.94847730654445,0.5164785721028354,-0.0039053617445710138,-0.052315697939766426,5,0.9655833649681808,-0.09812541154630801
2026-01-10,224.05459969060527,-1.8974030921656815,-0.0014743564269204777,-0.012980179176994979,1,1.034555389850727,-0.02458149621527145
2026-01-11,222.6986740098874,-1.013826576181501,-0.013833007845287772,-0.06325161484545162,4,1.117377165554567,0.24435277198708505
2026-01-12,222.94568804671815,0.27095274325281316,-0.0038651110214948394,-0.014435895181351747,1,1.0015880328223088,0.15279633327713252
2026-01-13,223.2692159822725,0.5744231182661408,-0.0024123633483077813,-0.08462428570919747,4,1.483021022305129,0.41997005257132763
2026-01-14,223.22926738401083,0.10169712957784172,-0.022239116444646736,-0.054552838486048846,4,1.4258205027042656,0.2944998262421838
2026-01-15,224.20952064139465,0.9969591017329039,-0.02748014306747196,-0.013209092605582855,1,1.2889462255204882,0.38182175140148134
2026-01-16,224.47892496979833,0.29765184524979604,-0.028247516846119543,-0.0,0,1.2949138820395052,0.3826894828055308
2026-01-17,223.4939573665476,-1.0341292216221987,-0.026522564364605546,-0.013685277907561366,1,1.2085052487637942,0.2922727676161626
2026-01-18,222.60622468395457,-0.13185611220613414,-0.01574354963957141,-0.04090570398717089,3,1.0968203327770039,0.21239295693253502
2026-01-19,218.881082856474,-3.6076058380130167,0.04037336554268489,-0.024868830439043275,2,1.0771498779515878,0.03702191297955203
2026-01-20,217.9170542878454,-0.7142076077175661,0.03434231697589476,-0.06014098646633691,4,0.9998266927460363,0.16274588106834445
2026-01-21,218.37536018326918,0.32969383862899715,0.05063603209804013,-0.06546329164013226,6,1.1239156739499903,0.07157922155697705
2026-01-22,220.35682851984535,1.956041607349984,0.02542672922617116,-0.0,0,1.107951066900125,0.07981227545625608
2026-01-23,218.4352399170804,-1.9236052165747581,0.062333051304903284,-0.07315709050006834,5,1.24061927369368,-0.028296641514411306
2026-01-24,216.89945495543435,-1.5843914106542822,0.04860644900824563,-0.0,0,1.2446711761547289,-0.03580172707348599
2026-01-25,214.9977581455956,-1.9981633955032185,0.04892117106528174,-0.08886060129374479,5,1.0504331617881937,0.08020447021221855
2026-01-26,217.20299501860273,2.223478816356286,-0.0182419433491595,-0.0,0,1.076014927687732,0.08962703347424453
2026-01-27,220.71256343237752,4.188390602541586,-0.0237899505698608,-0.09151055843062651,5,1.3119876960161074,-0.1277926437469448
2026-01-28,225.92629420672233,4.6061549109077315,-0.010467724169868915,-0.03574533644186141,2,1.2833271709313576,0.12392892238928645
2026-01-29,221.61256706658557,-4.320332545736073,-0.03031038322387096,-0.022682684595341104,2,1.175028071863262,0.07455428536386176
2026-01-30,223.34310685341387,1.7281658363422943,0.0023739504860092325,-0.0,0,1.149511009622684,0.08171433029102017
2026-01-31,225.34923706744684,2.0355376072499927,-0.010843903938066904,-0.018563489278919678,1,1.1752416720995467,0.20770046092208597
2026-02-01,224.68736571340497,-0.7566393706342917,-3.126291910802645e-05,-0.10909267868869696,7,1.3801507360335514,-0.03686231529232123
2026-02-02,224.22918522326242,-0.24412684050101713,0.0017974492952959366,-0.10955582123602736,8,1.4578824946536602,0.007925692187366199
2026-02-03,224.17737362308574,0.16780279316933822,-0.027418969380690328,-0.018737607198429547,1,1.3073752005059343,0.1280815459387948
2026-02-04,228.3986026877561,4.199994229882738,-0.01577914666145629,-0.04170467958433597,2,1.2991372201448286,0.11672287467973051
2026-02-05,228.29155180979168,1.5958121016827436,-0.029653569469830797,-0.04598950583367629,3,1.239567197674148,0.11599141982405811
2026-02-06,225.64801942601437,-2.3807951543697756,-0.09754590582732162,-0.04349863869984865,3,1.5066141187190583,-0.013511867721158062
2026-02-07,223.96097567766327,-1.5318639736596862,-0.03372621575227076,-0.03652684217011834,2,1.5068516729175057,-0.02302484410418579
2026-02-08,228.50367152712062,4.065603650417985,0.3894412706812299,-0.022333192217149866,1,1.32954778981253,0.13484902541959964
2026-02-09,228.41788509153224,-0.41757530491981415,0.34716729934548524,-0.015378430014020292,1,1.2294086515346134,0.03689175375921736
2026-02-10,229.14493417556812,0.5977080518440996,0.30706032862284016,-0.04152472736524392,3,1.3551433988663306,0.0090990895870769
2026-02-11,263.8257511025449,33.56190048977374,0.7972339737050059,-0.06202881917194019,5,0.928532502778574,-0.1993057028754087
2026-02-12,257.4696951889499,-6.85174401724804,0.4267310067705406,-0.039536371858739865,4,0.8371658947588496,-0.10871401210005922
2026-02-13,255.25580729233292,-2.3490761329014873,0.13867102870097064,-0.01577500094495752,1,0.783826455547528,-0.030572954003277454
2026-02-14,258.4264146161465,2.7581993306836696,0.19753672789675097,-0.04948462679324761,4,0.7781814170509953,0.00782825007629233
2026-02-15,255.6787796804878,-2.9273886755241367,0.19024816221916083,-0.017302935941912033,2,0.842531346126835,-0.003510473427332501
2026-02-16,254.25285420453844,-1.380529709285577,0.03453716420383676,-0.009813932869770385,1,0.7995922897433936,0.0461816677146889
2026-02-17,253.34049373760135,-1.0832347160912421,0.08143148719763824,-0.03554092248752057,4,0.7962240809326062,0.03788198290987353
2026-02-18,250.5819836745471,-2.6623487793589273,0.08446154907747663,-0.019893042673769422,2,0.6628260570051059,0.01640838104966131
2026-02-19,250.40590691553263,-0.29841073623097286,0.02466959135665736,-0.020335802537414543,2,0.6830784756765618,-0.003960913878089526
2026-02-20,248.17551276972003,-2.1895620522312025,0.04101545012847771,-0.04753867006213721,5,0.7650505258607869,-0.05626577820820005
2026-02-21,247.37756708256558,-0.7947235638953964,0.03904330593359745,-0.030417938963511918,3,0.7224888797575776,-0.09984401517974097
2026-02-22,246.89091764479218,-0.5629275215567485,0.07627808378338916,-0.0,0,0.702943806144231,-0.1023208845649843
2026-02-23,249.00540656786606,2.1131746747704367,-0.0002652248191074044,-0.03183859773931258,3,0.6940460437455497,-0.05105785668118567
2026-02-24,249.7805308323451,0.8309349653365279,0.01800532419749467,-0.016869924218852337,2,0.7897792020749137,-0.047800737139501386
2026-02-25,242.72513116747302,-6.636384637949819,0.017434072542323265,-0.09957486784642508,10,0.7041238716933347,0.03290972663837972
2026-02-26,240.6381647667352,-2.021855472371554,0.0195899989720446,-0.03449488924429765,4,0.6763307478358397,-0.0965082733031273
2026-02-27,240.9481847146189,0.25598103552948404,0.01389177160170069,-0.017605428390819817,2,0.5474529116286303,-0.10740616863805949
2026-02-28,240.71036222225288,-0.5486152894666312,-0.009652126118512332,-0.05296282357674843,5,0.7635001659877485,0.018621028826247978
2026-03-01,240.86847184839135,0.7000358268009449,0.0004894833095443912,-0.041558913894893114,5,0.7052935475835657,0.0622682939034614
2026-03-02,242.1835826952039,1.4203334338555342,0.018570397314284767,-0.02301596771053023,3,0.6882368889403375,-0.0681120140402284
2026-03-03,238.75463373979298,-3.4784036167859376,0.058275598137919514,-0.01757777276335732,2,0.6660185169211389,-0.071065692945801
2026-03-04,235.76520767138456,-3.0093727855591323,0.08514092483772219,-0.02718516244149692,3,0.6907692842044928,0.002153341148201168
2026-03-05,235.64280093716152,-0.22689255735658787,0.1110105226248913,-0.012257423202048992,1,0.5932141561999698,-0.07309402798009398
2026-03-06,236.57643978807425,0.9251107917638732,0.0708267639072148,-0.02107765629971537,2,0.6991346288462732,0.05820844138856106
2026-03-07,237.83263877295389,1.2590640171694845,-0.002865032289859827,-0.0,0,0.6849766708134768,0.06319490009458377
2026-03-08,237.89638906115906,0.10899346837102203,0.015206301822898817,-0.03701607815115147,4,0.669857545289703,0.041828347079380546
2026-03-09,241.17624344024958,3.3905284249553738,-0.0031564431486877896,-0.00828376446943762,1,0.6397023455097851,0.10438544874270633
2026-03-10,240.6004477295717,-0.5566927221733682,-0.0019910056482585906,-0.015912686826852068,2,0.653542803266496,0.1968495947006495
2026-03-11,243.6761096360043,3.104312782618376,0.014663295264082015,-0.01102161833791595,1,0.7235048156216657,0.1423568024272836
2026-03-12,246.69181637432243,2.9930182427473895,0.022688495570746724,-0.0,0,0.7331175173610649,0.15274916935741278
2026-03-13,245.2771954379058,-1.4935509886033713,0.06597635718762147,-0.02471521615121347,3,0.7010355230348384,0.003281121448871206
2026-03-14,247.7520623036063,2.3873154288554557,0.05144388899860094,-0.018538422952927427,2,0.705231667114369,0.1194876845411631
2026-03-15,248.48492528517252,0.6277338297833557,0.11670521716188949,-0.023616611686818473,3,0.7723825465835928,0.06656791102173426
2026-03-16,244.3817024580024,-4.491432282268677,0.046672843793717465,-0.05111856634725656,5,0.9850322850050153,0.24549884115261225
2026-03-17,245.5456131113337,1.2583430825450284,-0.005085457780187186,-0.022630613553963893,3,0.8290323876877148,0.11779611752842961
2026-03-18,246.1769892227887,0.8439401723445619,-0.022214090991476695,-0.015775814028225758,2,0.8131627907275722,0.1319042568861633
2026-03-19,244.40062818871925,-1.759621754993019,-0.016739279076461604,-0.0,0,0.792949625622187,0.12566322475733122
2026-03-20,242.3817876945449,-1.976553225334813,-0.022197848756421494,-0.019491256252508082,2,0.7871470118523382,0.1303521147488149
2026-03-21,241.7300716701123,-0.5814303636072715,-0.009715027029440777,-0.008818489313670953,1,0.7184638510598633,0.18041359030896226
2026-03-22,240.94385839358404,-0.6687731730891823,-0.011504848066651772,-0.026364178439543674,3,0.764200637623463,0.2101545836223965
2026-03-23,242.11454635209213,1.1872153773828473,-0.016527418874775362,-0.0,0,0.7864481669526149,0.21404195821880803
2026-03-24,248.9727973285633,6.888578896115473,-0.01894720642078189,-0.020746574451068204,2,0.677530731428932,0.11685789300825843
2026-03-25,248.01174443579362,-0.8480380040436325,0.036097862628572105,-0.03845402064148434,4,0.6691217924438548,0.023987071273307455
2026-03-26,248.7281926313021,0.7508021283092056,-0.03435393280072205,-0.0,0,0.6413167951914341,0.02693654244751959
2026-03-27,248.26500685644868,-0.4823221541440774,-0.027246801812987217,-0.017327875458838585,2,0.619536415129894,0.02248495665157419
2026-03-28,249.59220501117335,1.355027471949773,-0.02782931722509924,-0.0,0,0.6150579517559471,0.027794359158408954
2026-03-29,249.0256227248287,-0.5371862508904319,-0.02939603545419232,-0.0,0,0.6053756913976464,0.025700444268746514
2026-03-30,247.62419123971296,-1.384837860200727,-0.014837429735829681,-0.011916421845109423,1,0.5403631951699084,-0.04845273078476596
2026-03-31,247.06519086832915,-0.7307376136062083,-0.020211532197508344,-0.01907073113775879,2,0.561622368911266,-0.03800021288509875
2026-04-01,247.54895263450425,0.5580506591547683,-0.028080686959256623,-0.0389821006538788,4,0.5796745158489527,-0.10552411582993208
2026-04-02,252.01135719772074,4.484639993273583,-0.02223543005710234,-0.0,0,0.5650576038797246,-0.08586019534481484
2026-04-03,250.34045502780657,-1.4354320985740838,-0.02492070783348063,-0.018061197777936352,1,0.6699924075948674,0.010130390186615972
2026-04-04,249.7302765433055,-0.5228122023323467,-0.028529305236211916,-0.010615875483905761,1,0.7351908369161757,0.0685962063865124
2026-04-05,251.89965627276283,2.1543240009485456,-0.02813521529919403,-0.007,1,0.780431023721022,0.11645535754013583
2026-04-06,251.48602508921894,-0.2990193668894699,-0.013637792886566224,-0.024462543962448652,3,0.7156710408040987,-0.023732482077986655
2026-04-07,250.37268061402114,-1.121868496746092,-0.022628908084826736,-0.07811794127283607,5,0.9893621790868886,0.417523225443067
2026-04-08,249.02849271094027,-1.575471390800541,-0.029832284898365265,-0.04151520251804162,4,0.9353312500965496,0.38053865523071
2026-04-09,245.12501740366747,-2.3697971793522656,-0.04126271998672487,-0.07353158911554784,6,1.0050652041083659,0.42947030867070435
2026-04-10,248.2191109644716,3.0292190104256633,-0.0608199011135373,-0.03456225268632205,4,0.9302909432921486,0.4511413654428132
2026-04-11,251.94798003438734,3.8895450218787313,-0.12860918491706125,-0.018587326866020493,2,0.949880743549409,0.44377915349716074
2026-04-12,246.74339664029566,-5.419600884619978,-0.10367789227309442,-0.053126598143385766,6,0.9810406631393023,0.12509490676042337
2026-04-13,251.85095412150108,5.475127217562615,-0.11464207733498356,-0.08244009984359421,4,1.3158354891932387,0.4206919242230431
2026-04-14,252.0718165136644,0.20594640403851347,-0.0372988451758387,-0.03276305962751923,2,1.2889943966305348,0.41671504216542254
2026-04-15,251.67160716088455,-0.27391322973335813,0.0480671758262453,-0.02414119379726186,2,1.4492860797128657,0.27865901677653876
2026-04-16,244.58876743920246,-7.303488163024586,0.05923766517993977,-0.05108172743063856,4,1.5834359925400565,0.4202124539041711
2026-04-17,248.4499171399223,4.052969282181826,0.0249160457817434,-0.09794255747742035,7,1.2731634704879653,0.5618390392874731
2026-04-18,247.5190296602413,-0.4877266372972646,-0.004952855651219222,-0.022498464459711043,2,1.2621559214842162,0.43068187201414937
2026-04-19,244.52671609585295,-3.082291794310539,-0.012416899329685798,-0.046524713176984006,3,0.9518540517026911,0.27847267566441447
2026-04-20,245.4320065358428,1.0090227268022134,-0.07128845430375413,-0.013433588751184914,1,1.0437421606567632,0.35967135543879963
2026-04-21,243.474503868241,-1.796019132200291,-0.07051999966675077,-0.10031806571635765,6,1.0790315509415043,0.3154553634851027
2026-04-22,245.6065067055775,2.1078653580299713,-0.012293651974365924,-0.023837192905311638,2,1.2170263874172988,0.46019385250526934
2026-04-23,244.76545770949076,-0.8387042565473728,-0.025351108350975145,-0.029296183195403103,2,1.3973904746284376,0.4713216716702497
2026-04-24,246.6470199557818,2.005233364532451,-0.014953031873568232,-0.011871376030526815,1,1.3155762635727068,0.4070975171817046
2026-04-25,248.67462709681473,1.925255856276662,-0.03464685513519893,-0.024984490165915817,2,1.262520335985651,0.5552259060342525
2026-04-26,250.52497728044352,1.8907309950414946,-0.0038576732612290556,-0.029978286230840374,3,1.4408238590742481,0.555214408032808
2026-04-27,247.78642479597323,-2.663828760935837,-0.036577005728409745,-0.04821427007816868,3,1.3195358992598087,0.44158653566153694
2026-04-28,243.08955565965556,-4.215023801555982,-0.05636631628084049,-0.06301485326065254,4,1.1590806401621632,0.2300959857784435
2026-04-29,243.92573286705715,0.6971869265056928,-0.05076685871586909,-0.06938167200591848,5,1.1075195312279238,0.1908233569242722
2026-04-30,248.5459270038691,4.6296936566290885,-0.009499519817135413,-0.0,0,1.095696282990445,0.205903276949445
2026-05-01,255.4163116915581,6.962150742495876,-0.006561336278096164,-0.06482222563986663,4,1.4517735981954063,0.4301259168977143
2026-05-02,255.6311375020433,0.24943455189151376,-0.023578751628407738,-0.007064452370530973,1,1.4209463976681536,0.39126115844558096
2026-05-03,259.73577914925556,4.108910594153089,-0.03974575123174468,-0.007,1,1.441205611952307,0.43956178377199256
2026-05-04,262.0112722425304,2.3186801809307034,-0.03114957891971167,-0.007807818351536041,1,1.4859275595294437,0.48714850321833825
2026-05-05,276.2270047099256,14.588150207286933,-0.03838744282801539,-0.05765228390357304,3,1.6449214705871604,0.6793610056541944
2026-05-06,276.59366974351076,1.2035938146162852,-0.06259877897133417,-0.08160850203851613,5,1.5924470608231416,0.7799938528103758
2026-05-07,275.7260869211668,-0.8167749552461836,-0.10733824280570817,-0.09520839685226495,6,1.611087625673982,0.6113488697245366
2026-05-08,276.2353857725408,0.9412922415847151,-0.12122557183783506,-0.03813520234906852,2,1.5902754473079403,0.8104384449788141
2026-05-09,277.1682238638931,1.6122407849156966,-0.09047303396709244,-0.05856437770581,4,1.606394548638054,1.0121803631746134
2026-05-10,277.07353730697514,-0.3788790731119722,-0.08513340626743976,-0.06273052025372113,2,1.7920895910033166,1.1732262699215927
2026-05-11,274.3411455505511,-2.3051230334976958,-0.09854507148080016,-0.06669432582642101,4,1.6304049329923718,1.0153837589700527
2026-05-12,268.2709617803585,-6.0857923335491515,-0.050642548145677285,-0.08127160856478408,3,1.499027763871982,0.5832430669430672
2026-05-13,255.78496975853423,-11.948692287594131,-0.042593615912391115,-0.07877966626224511,5,1.394589213202908,0.41212793722261803
2026-05-14,255.31896261286968,0.607279441026159,-0.008521547879123424,-0.08099465053360166,4,1.3353025005968306,0.7190196933787546
2026-05-15,248.1510502341561,-7.211060066468688,-0.01984013729046701,-0.08180547437013322,6,1.455909380834242,0.5494405247549214
2026-05-16,243.8732496647716,-4.316768074972461,-0.022927881655066765,-0.039505439014267174,2,1.2084563024115893,0.3103765364406241
2026-05-17,250.47714442557722,6.699771285856031,-0.05498035985701828,-0.037356026780751235,3,1.1408936773649312,0.4382062818733781
2026-05-18,257.34728106850054,6.860297116601936,-0.029430321175528074,-0.03014070851101643,3,1.1703952638623765,0.42262537301694086
2026-05-19,261.1922733956543,4.183658530277056,-0.011498980278141703,-0.07964360978324649,6,1.078098257589379,0.26876779574335347
2026-05-20,274.3587869312141,12.923415494105784,0.013358197944759214,-0.04266356093359604,4,1.2420357590035827,0.22865221825257775
2026-05-21,279.3471063279966,4.895620696671207,-0.014424493229347992,-0.047326237239134226,4,1.153821417581441,0.19180461839122617
2026-05-22,276.60287780893395,-2.746463147722311,0.015261476265550494,-0.006800256728970247,1,1.065646744639892,0.14865698374497088
2026-05-23,288.8026527700806,12.426292777495917,-0.01748627859581675,-0.007225514385604838,1,1.041705712748998,0.14896425792399415
2026-05-24,296.5491221734302,7.781758891130366,-0.00889327114435181,-0.007,1,1.0608473909117795,0.20496987172102296
2026-05-25,293.91465123312287,-2.834430840128113,0.00823613281804935,-0.04035053424761569,3,0.8765356868352023,0.25268523138220544
2026-05-26,285.32804374410625,-8.501504109487753,0.007967120132315167,-0.020617784103304292,2,0.8936878757608627,0.2645265756494064
2026-05-27,280.32839200286196,-4.91116138040096,0.019350971738148863,-0.00905192224051749,1,0.8318519956762352,0.2052435062324675
2026-05-28,280.75969445557143,0.4253279182103327,0.005974534499096355,-0.0,0,0.8214913733800768,0.20644312960156505
2026-05-29,281.51676931941375,0.8075395780945077,0.006713362124672903,-0.022218965883211653,2,0.8142052533021701,0.21825474905483663
2026-05-30,288.18646736823393,6.81893880300789,-7.54471445985859e-05,-0.011492989249391008,1,0.8779422824635942,0.2933593487937272
2026-05-31,295.303870412976,6.905994304757008,-0.050797690560062614,-0.011828072286630688,1,0.8226172932336981,0.2524550134580046
2026-06-01,303.9758319314452,8.83189569748114,-0.08526889033140529,-0.016371466821897992,1,0.8945885575084742,0.19717598707939396
2026-06-02,308.5779184202745,4.684743076538665,-0.08265658770939203,-0.0,0,0.8349668914380419,0.20941705134548444
2026-06-03,323.8025004406245,15.7246908113491,-0.11085414956846255,-0.05036607614246656,5,0.9218651813502009,0.18845309323638296
2026-06-04,299.45661099502195,-24.333528672506613,-0.06405386945424142,-0.04540528852419152,4,0.6666198988316583,0.014728127862243725
2026-06-05,302.2918316797117,2.984368240422249,-0.024038324389122,-0.020552250733887605,2,0.5137856715594404,0.022357749394317443
2026-06-06,294.46832223558573,-7.824028334830066,0.0005188907040827425,-0.0,0,0.49613744687164946,-0.0036182612448665136
2026-06-07,295.6947084605134,1.2296058944249184,-0.0032196694972187415,-0.0,0,0.5299024249251706,0.0005551082638360866
2026-06-08,299.09209595854713,3.142947398572751,-0.0175686576609369,-0.011467530264415455,1,0.5924017706574067,0.06677793436904589
2026-06-09,296.74902894120004,-2.3307195051379797,-0.016570036811894076,-0.00795043439421691,1,0.5402163057256747,0.021218072423809093
2026-06-10,290.72434538042825,-6.208024475244947,0.006727074065975301,-0.020133240240768693,2,0.5233357477807308,0.0075946743638436835
2026-06-11,293.9520512597328,3.1998546538401627,0.027851225464433332,-0.0,0,0.5502927163990192,0.01839691665178364
2026-06-12,291.6630360110796,-2.271165860941609,0.00670411256430005,-0.008995586021756844,1,0.5903272533487229,0.054761566648377016
2026-06-13,294.5669938897992,3.020659013985504,0.00915728778330398,-0.029829806430551904,3,0.6361312746772259,0.007405088405807505
2026-06-14,294.68227539574514,0.16834748342413886,-0.008215082767278751,-0.01875880441214782,2,0.6550780278336492,0.010701955327970821
2026-06-15,297.1913371502617,2.586941140159122,-0.029130090530378912,-0.02082809150924203,2,0.6594917674511532,0.03022712315600551
2026-06-16,300.79451424748805,3.5199890452017235,-0.03008558893794417,-0.042205763751564734,4,0.6863180015852468,0.05362054713429673
2026-06-17,302.67112864193507,2.0839383390337867,-0.022796479517002564,-0.02406427866966313,2,0.665380916557753,0.052040913254725193
2026-06-18,301.5418078750161,-1.0869278062772059,-0.04239296064173088,-0.0,0,0.6427087302731007,0.0486312470148936
2026-06-19,301.44297206678607,-0.10490028703945453,0.006064478809435365,-0.0,0,0.6395455391880422,0.048299198210606596
2026-06-20,299.40780979852633,-1.9984544160554967,-0.000454843323015079,-0.0190326340281744,2,0.6577836265978266,0.05696139244072164
2026-06-21,296.1479238703113,-3.3874258158140247,-0.000300307582914014,-0.010237083088337965,1,0.5941476869858644,-0.0032319810365908893
2026-06-22,293.6007577399623,-2.693016850067362,0.0037736871384388858,-0.02007694877480773,2,0.607998652465947,0.08552670532932885
2026-06-23,290.08970981154,-3.586259143998458,-0.013616212719853612,-0.010632645799082177,1,0.5369145692680464,0.022180767553876296
2026-06-24,291.94610559397313,1.932764568225163,-0.02519339177899723,-0.009102360546942911,1,0.4807863793256327,-0.015880311912911484
2026-06-25,293.79514478640533,1.843651209430628,-0.03027454711142456,-0.010651962870182245,1,0.5265636625892202,0.04244746899215885
2026-06-26,293.8750822059919,0.09311648219767467,-0.027127411638021962,-0.020057079018281875,2,0.5380232400807784,0.04907953152941998
2026-06-27,292.1263617541688,-1.7225872219336897,-0.02613322988937433,-0.0,0,0.5306243823158793,0.04347661082225125
2026-06-28,291.4244201839439,-1.0298483051280263,-0.03209694641436731,-0.00878393881532098,1,0.5696666254799272,0.0843720902396523
2026-06-29,293.5248806191262,2.127257990662729,-0.028729449815048866,-0.024963254798109354,2,0.607321409278861,0.11743662874751334
2026-06-30,289.5196383133075,-3.922775770633345,-0.027044323509932213,-0.018082699543303247,2,0.5765702609319971,0.016157899543222186
2026-07-01,288.06896492950966,-1.6533008071023116,-0.012999764593231376,-0.025197862139969746,3,0.5480185334146745,0.049872813913482104
2026-07-02,291.6527790784505,3.1837734395228057,-0.011846383107897561,-0.027955304932076236,3,0.6057707284189229,0.11269775283081787
2026-07-03,294.0657963735867,2.8365532090157286,-0.029940318252927225,-0.03987510099029392,4,0.6094473674405579,0.11607275860350567
2026-07-04,294.1280279464749,0.06914152052380196,-0.020241964063703252,-0.03283663247105865,3,0.6744993389179759,0.1892068259996115
2026-07-05,294.50037541030724,0.3609426979396225,-0.02503040971655434,-0.007814031836588114,1,0.6393507611399626,0.22809775992076176
2026-07-06,296.00937158196973,1.620023577567635,-0.02682517186211384,-0.014830078396940009,2,0.6292797298259529,0.3038625304332537
2026-07-07,294.5641443290109,-1.3287297397389963,-0.03269046483023539,-0.04135607764449477,4,0.6594610169595088,0.3506476127729433
2026-07-08,289.8269194190678,-4.622064512845207,-0.027018168482823488,-0.028783270925834853,3,0.6907222958661571,0.19835228624273013
2026-07-09,290.64949781754126,0.7542553710770568,-0.018843074556569923,-0.018820656722605612,2,0.6927441385193938,0.19533815209035105
2026-07-10,293.6414788613692,3.0780137044877733,-0.028658132034455962,-0.01674931275782925,2,0.6892348042572825,0.28537634564419306
2026-07-11,294.2707109093741,0.7155867446996793,-0.028022832107181213,-0.00898242118923009,1,0.72870477221976,0.24342395128833336
2026-07-12,294.9342940109782,0.74654599825297,-0.025180455853321765,-0.017292839197437564,2,0.6514604737825306,0.24741493687831212
2026-07-13,289.0737700412458,-5.836554528918476,-0.0035869015963329214,-0.039937935725411045,3,0.4395372816080007,0.0348713801054125
2026-07-14,293.3709094152855,4.121471881561366,-0.0007244072397023715,-0.052708931983122334,5,0.6269509986782236,0.3057542501394172
2026-07-15,292.7574242540225,-0.5187353650365351,-0.012332976973673443,-0.032824951362254474,3,0.7153186727259785,0.2911788527346045
2026-07-16,288.0387215979407,-4.74478585117169,-0.021603273808424854,-0.06527461698566871,6,0.6365015155616679,0.11768724103650509
2026-07-17,288.56758219814606,0.5662612769278378,-0.015456884616003096,-0.008390864128219757,1,0.5962561727325058,0.1609733572088319
2026-07-18,288.77186860791727,0.12374296584727207,-0.011490410284072628,-0.015047783655494331,2,0.5944031132953957,0.23575432789576317
2026-07-19,291.0805146722321,1.8328433159228465,-0.02842052817759866,-0.026342062711407516,3,0.6420110410767268,0.1117995204575118
2026-07-20,289.6813405615779,-1.3289093936367093,-0.010283508093442128,-0.04007683013339245,3,0.739306017200313,0.19028779099167425
2026-07-21,290.2858867033566,0.7232995916669146,-0.019901372923964364,-0.04774281564297857,4,0.800853889023443,0.3459210812580085
2026-07-22,290.004887344837,-0.13084305038787736,-0.02657153112351132,-0.029982596545020432,3,0.8526365928064972,0.3073644039496365
2026-07-23,287.7547477179089,-1.981447974997529,-0.027927383219306122,-0.047032448788234885,4,0.6045941004479911,0.06907224067421854
2026-07-24,288.7541804947021,1.0131115166671756,-0.013678739874023816,-0.0,0,0.593282155572999,0.07234172911505561
2026-07-25,287.50244958355415,-1.242358537730637,-0.009372373417230713,-0.0,0,0.5929398493684596,0.0683354809564753
2026-07-26,291.9910263584446,4.178637817146461,-0.00818718079836453,-0.07376404315183227,4,0.9771625099775133,0.36484065941990984
2026-07-27,291.7036399871974,-0.024100289278474074,-0.019153599900528766,-0.04852543718152987,2,0.6973484556034915,0.12688596738086608
2026-07-28,292.4669797595125,0.9084057071125934,-0.00252100915576107,-0.02284404672832284,2,0.5904611073399549,0.11418374245996407
2026-07-29,292.2502146026276,-0.2143194293085754,-0.002445727576394623,-0.0,0,0.581437317319762,0.1135350915335027
2026-07-30,295.00268147828064,2.774177360330378,-0.004625271666645412,-0.01809767194284151,2,0.6800905685354993,0.20952237259785905
2026-07-31,292.5554702824451,-2.3924739222106797,0.0016041620878343933,-0.04029389078841238,4,0.5680750283587571,0.08623086512850989
2026-08-01,292.30962933263686,-0.19878534316303825,0.002959524505035497,-0.020083687969682275,2,0.5690445596999253,0.08549261580893752
2026-08-02,288.58018920573926,-3.757881688186553,-0.02326597387345032,-0.009049123553557782,1,0.6227263969115797,0.11858232287090846
2026-08-03,286.2401418141857,-2.459983487166285,-0.015015148370521612,-0.02845036132646031,3,0.5812168953891494,0.17302764209524643
2026-08-04,287.98034523408535,1.6877132116790898,-0.0038824184773181615,-0.03527694309963148,3,0.5705551832807222,0.1647918617585792
2026-08-05,289.24944842667946,1.2818557258594394,-0.01462881227686185,-0.07633660584646035,7,0.8680547170851687,0.06063660175825355
2026-08-06,291.06808127287707,2.0642017389972946,-0.04868553470722082,-0.011790420147121167,1,0.9054884353354993,0.12458140242842289
2026-08-07,290.8703861553577,-0.21818593250022195,-0.017363469696236908,-0.03274705402529304,3,0.9498703219971765,0.17504891307308026
2026-08-08,289.85371241835713,-0.9897700783764424,-0.004975224419723175,-0.015925952519893823,2,0.9527621875467019,0.16279229661979605
2026-08-09,291.24656625845665,1.5212363851634967,-0.01449997413726374,-0.05523821299638659,4,1.014039995582118,0.2307959261987795
2026-08-10,288.97542594554545,-2.1685812119839656,-0.07418821104426418,-0.06734491482884208,5,0.9935881503617972,0.04238468820245386
2026-08-11,285.32471475119263,-2.3788912397783317,-1.2281783927794343,-0.038706941563183266,3,0.9560333829292735,0.00889568335025091
2026-08-12,288.9215435964112,4.780745669188114,-1.0625090992936592,-0.045973092046519684,3,0.8436423042769293,-0.03266321898703612
2026-08-13,289.021689404122,0.8436810471104443,-0.21401404686408346,-0.06029914107095768,4,0.8252448328669302,0.1398243987368052
2026-08-14,290.7529348155849,1.868455820948982,-0.2745337131098838,-0.025346412625922465,2,0.9335911250790977,0.09022866304854435
2026-08-15,293.6606339142454,3.0571698805337784,-0.14034861063657195,-0.02837856380541781,3,0.9881991170309841,0.17065758641128256
2026-08-16,293.1638989233004,-0.29326654042645545,-0.15559810038751679,-0.04369562916765868,3,0.9522052937600719,0.10336832556175683
2026-08-17,297.4688080341001,4.387192695792831,-0.07059076157817322,-0.12897625526274825,5,1.5679077008108038,0.7364137845400046
2026-08-18,299.78721653232697,2.4096965735082745,-0.09760708161235195,-0.045819018388102525,3,1.528249113831482,0.7023629774547193
2026-08-19,327.15546305145386,27.355741811874868,-0.07883762339989434,-0.08137642915776631,4,1.5564875411409358,0.5845700694739892
2026-08-20,336.2889777884129,9.632928078915073,-0.15975026734139458,-0.09882041603726172,5,1.594732222384617,0.6152386969314994
2026-08-21,354.95428185468364,18.693416876980475,-0.1740899423534753,-0.04030869232718244,2,1.5048918527134718,0.6346474713831832
2026-08-22,362.9930039076327,8.06117188449366,-0.1392859913098834,-0.10805602744267892,6,1.4341222770086774,0.613367479394397
2026-08-23,367.327331595886,4.333774116988595,-0.110297861798232,-0.06580000577241199,3,1.3995503732130026,0.5562927352733618
2026-08-24,365.69085774033556,-1.5761159357377414,-0.0603579198127268,-0.0,0,1.3921742151655259,0.5544721882065193
2026-08-25,360.8012049184781,-4.718751301254477,-0.038690431294206545,-0.06647846108589016,3,1.295008835803859,0.4876457105058932
2026-08-26,368.9993985203257,8.218406737860866,-0.0671187310122684,-0.0203869491864175,1,1.390199393635761,0.5781935504092734
2026-08-27,376.83032907747383,7.881657453687182,-0.07115771785100976,-0.07058384975192258,4,1.3852385667931633,0.6054824233588714
2026-08-28,371.05276432704045,-5.650519782640946,-0.06350957700612161,-0.0700234550516963,4,1.4018335287970507,0.4655506612451954
2026-08-29,374.3774026458151,3.4574898810803085,-0.1104341459498775,-0.07728571823098766,3,1.3640168529197203,0.5225246051895713
2026-08-30,372.7385216203528,-1.5964754858076065,-0.15495898445747144,-0.015398527777002041,1,1.2684099679310452,0.4615220113324402
2026-08-31,373.9790898068396,1.339914744120466,-0.12479801696578413,-0.04463256569071463,2,1.463682876428727,0.4353458095681454
2026-09-01,376.221260649892,2.5979517702666866,-0.04341413281514597,-0.06419335583519106,3,1.359731503513355,0.2631095480883146
2026-09-02,376.5617977562009,0.38967910806411743,-0.049142001755146186,-0.0,0,1.35122850004462,0.2639064439649116
2026-09-03,391.10013427355364,14.516577019543995,-0.0027732131735890148,-0.02718631912660865,2,1.301022080528476,0.2697183204400931
2026-09-04,393.9153456453462,4.291577220352134,-0.04784426968957294,-0.055924203797727924,3,1.187523515399642,0.3539895723236255
2026-09-05,394.1329384194454,0.31813691775980757,-0.10054414366058868,-0.0,0,1.2275016303436004,0.35460132364205776
2026-09-06,396.98065026269046,3.752101250164215,-0.08778536238313933,-0.09993132401280166,4,1.4388644725619573,0.38843150220375783
2026-09-07,384.83776663097547,-11.780714740201823,-0.050653204112347146,-0.12369353713979675,6,1.3477946357748252,0.45651911911392973
2026-09-08,385.24328757389674,0.431147813788682,-0.049718954842212955,-0.02179805983827994,1,1.4189055226137788,0.3764445880725998
2026-09-09,388.61558335481084,3.411906142192527,-0.08358838776501851,-0.04426907743722445,3,1.330400162261159,0.3575565532752021
2026-09-10,384.22446547780504,-4.568745376295118,-0.06292744300917442,-0.1389214785571613,7,1.0899031391104324,0.26401525737626524
2026-09-11,386.6863399727174,2.5288421348184493,-0.06610135264343105,-0.043605612650485626,3,1.2632541346262318,0.2622950746842105
2026-09-12,385.24325850492,-1.3672423515013488,-0.046871355426302476,-0.0668159606171823,3,1.204014623353321,0.20021811201880857
2026-09-13,381.30101086882627,-3.8954527015168754,-0.046794934576833494,-0.0,0,1.1687762049530952,0.19207194079405895
2026-09-14,387.89799710749855,7.08277620711503,-0.0338127376535822,-0.08647423841243591,5,1.1906829311129234,0.36879757203841934
2026-09-15,380.5254318322227,-7.563814627472568,-0.03867060674853406,-0.08705245126385677,5,0.9756557444573941,0.17970177301108106
2026-09-16,402.44336173622327,21.96973818773804,-0.04751253037725833,-0.022122098159426562,2,0.9603113949285018,0.1957186263383109
2026-09-17,417.1172182363041,14.424391772297584,-0.02272014967355345,-0.0820259323595581,5,1.117408065300325,0.3246060926782159
2026-09-18,435.4429829584086,18.6835325066288,-0.1118926966796289,-0.09454340245753097,4,1.3075304265139756,0.48753143993573284
2026-09-19,418.8313608658742,-16.448033457234,-0.09609505183988801,-0.046634433674069865,2,1.1835023681186576,0.48989875641930486
2026-09-20,430.7015125306298,12.370255162901502,-0.0881971402128295,-0.022977893668740573,1,1.2489058636746282,0.5804294729574944
2026-09-21,425.22926592073827,-5.768492619649033,-0.1371187390218186,-0.08443368014707112,7,1.1814445879920725,0.4993065516770669
2026-09-22,434.16530862151,8.992471762364367,-0.05642906159256953,-0.0,0,1.1962700458992395,0.5097418559398326
2026-09-23,430.7778378340928,-3.853533434990565,-0.1364246355934309,-0.09723474882258598,5,0.9439057570845323,0.3129335421396564
2026-09-24,428.03207310329464,-2.410903399689307,-0.019114323865782126,-0.020181231188973126,1,1.0448522485588037,0.3759734512326307
2026-09-25,439.8645223125706,11.8474299754052,-0.011833241684298855,-0.05659268783362062,3,1.0008028633644679,0.3747733623283082
2026-09-26,441.01432513513834,1.1640077994230995,-0.023243853734068717,-0.03680560106487178,2,0.9891105538740497,0.3850929797361984
2026-09-27,441.9815517713339,1.1189821960865354,-0.06411338999673093,-0.02323302327649064,1,0.9332241644307182,0.4618756941386331
2026-09-28,425.4175878236327,-16.140570252964736,-0.060098473172294824,-0.05304319579284841,4,0.9917682343838179,0.3854730242607434
2026-09-29,424.8421380365264,-0.6229371618592108,-0.044185047558134925,-0.06713383105156905,4,1.030238518491217,0.28610519430284037
2026-09-30,429.24147446437644,4.351856794667825,-0.021350150021450576,-0.024155279963826413,2,0.9536365333521538,0.3737032686584466
