Ls,top,in,out,is_sh,oos_sh,oos_end
"(7, 14, 28, 56)",15,3,6,1.5863793944752587,1.7001353933092815,366.2559357646784
"(7, 14, 28, 56)",15,4,8,1.1357763391212936,1.9995135717376857,418.3387918905631
"(7, 14, 28, 56)",20,3,6,1.4822501908100927,1.8502703444802706,417.06419052449263
"(7, 14, 28, 56)",20,4,8,1.7801075677118294,2.148603069821712,452.0952949793525
"(7, 14, 28, 56)",20,5,10,1.4300488582652566,2.0414821009536133,435.33155193844544
"(7, 14, 28, 56)",20,6,12,1.0534489648336471,2.094014045660736,454.642690301023
"(7, 14, 28, 56)",30,3,6,1.1435708328827148,1.2625001333546424,313.38899091106305
"(7, 14, 28, 56)",30,4,8,1.3450095127389725,1.5239962032077108,347.8127729650541
"(7, 14, 28, 56)",30,5,10,1.4504804928581283,1.8336221089858107,389.11027558869006
"(7, 14, 28, 56)",30,6,12,1.3237186005350208,2.1434770310385813,437.5226551101614
"(14, 28)",15,3,6,1.5643681735907964,1.5617433716835005,349.9427447457845
"(14, 28)",15,4,8,1.574508204350355,1.9871110474021765,415.05538983880916
"(14, 28)",20,3,6,1.516738324215418,1.9064237364280032,398.6543704609822
"(14, 28)",20,4,8,1.6300695428585343,1.7964183121501165,390.52493152442133
"(14, 28)",20,5,10,1.2039289307335252,1.9160406280554791,418.6520188027596
"(14, 28)",20,6,12,1.0280181876633836,1.9488765150547234,443.0730851995201
"(14, 28)",30,3,6,1.129819253055055,1.8636976545526958,381.0890295149359
"(14, 28)",30,4,8,1.4016889595852968,1.9537130435955112,401.47563357497654
"(14, 28)",30,5,10,1.3605941834283855,2.095498282266064,417.2349010325419
"(14, 28)",30,6,12,1.2620263991464233,2.2595663874505885,456.276317757931
"(7, 14, 28)",15,3,6,1.3965246950428094,1.7777062455417256,378.3360630312026
"(7, 14, 28)",15,4,8,1.7566103225023588,1.7917372793526927,377.1819952663885
"(7, 14, 28)",20,3,6,1.479132825133158,2.026650213063721,431.4722001344507
"(7, 14, 28)",20,4,8,1.3666513346867317,2.3895256898504877,491.2156040761544
"(7, 14, 28)",20,5,10,1.3341935411504469,2.310958503189158,486.3517778549253
"(7, 14, 28)",20,6,12,1.064651130229946,1.9575248553407514,433.9322192183003
"(7, 14, 28)",30,3,6,1.4404245054792297,1.7497263736244595,377.8433689455113
"(7, 14, 28)",30,4,8,1.0759056895293504,1.8481437305408859,388.8930128466769
"(7, 14, 28)",30,5,10,1.073311825775735,2.14018364860784,430.91683477442507
"(7, 14, 28)",30,6,12,1.0779166724659563,2.080085380079672,427.9826703246191
"(14, 28, 42)",15,3,6,0.965438241996855,2.3288238185134587,481.4554490548405
"(14, 28, 42)",15,4,8,1.446429709517811,2.0034008261953224,429.7620863743999
"(14, 28, 42)",20,3,6,1.2862916406465394,1.6729603652671043,356.66506785360855
"(14, 28, 42)",20,4,8,1.3233643606088556,2.0437152930922937,439.9334464406028
"(14, 28, 42)",20,5,10,1.1396611167208424,2.416560606614027,505.9731095177693
"(14, 28, 42)",20,6,12,1.1684232099119525,1.4610366820907026,350.5232091196961
"(14, 28, 42)",30,3,6,1.1222939982932063,1.815476518703602,376.5930262923213
"(14, 28, 42)",30,4,8,1.6024390929996304,1.6598326958248748,369.01121523264914
"(14, 28, 42)",30,5,10,1.3773855437892737,1.686113659982702,363.03003986600663
"(14, 28, 42)",30,6,12,1.1692965006461142,1.4029167637881168,334.1592021541483
"(10, 20, 40, 80)",15,3,6,1.5271103427296315,1.7379203535195413,375.8338257623826
"(10, 20, 40, 80)",15,4,8,1.3153156155386259,1.7048511792963048,376.03936415510594
"(10, 20, 40, 80)",20,3,6,1.6381599420107227,1.598948626295739,350.6241778020928
"(10, 20, 40, 80)",20,4,8,1.2365566312795029,2.1399583400431568,446.3002771021763
"(10, 20, 40, 80)",20,5,10,1.1408461484761954,2.168407276064247,479.6219249175636
"(10, 20, 40, 80)",20,6,12,0.8635290576732413,1.69407217117534,382.0845797562586
"(10, 20, 40, 80)",30,3,6,1.439492036190307,1.3949667006241093,319.19621837900974
"(10, 20, 40, 80)",30,4,8,1.44583572421215,1.0421136611811102,286.9286681910411
"(10, 20, 40, 80)",30,5,10,0.7873675978000769,1.38662770750249,331.50341854843396
"(10, 20, 40, 80)",30,6,12,0.6656523214709477,1.6638735137028668,365.7171486894354
"(21, 42)",15,3,6,1.4532962930023592,1.41995329901694,332.7102013163026
"(21, 42)",15,4,8,1.2936059750111362,2.0415498441454005,430.6961201345819
"(21, 42)",20,3,6,1.2263343140960659,0.9723458865854178,279.24117948266144
"(21, 42)",20,4,8,1.3400290729946749,1.7914522486356792,393.2640721550248
"(21, 42)",20,5,10,1.1163435761723899,1.668258555557201,385.6873285066539
"(21, 42)",20,6,12,0.891396764895514,1.6256921589111906,371.757867433623
"(21, 42)",30,3,6,1.063583571991438,1.1113107369467032,288.65061251413897
"(21, 42)",30,4,8,1.287979884168923,0.6219721226034733,240.7858807127165
"(21, 42)",30,5,10,1.2233334100719768,1.189119003294864,306.3524758934567
"(21, 42)",30,6,12,1.0256359436514355,1.194631893375776,310.26158187581893
