date,coin,delta
2025-01-01,AAVE,10.0
2025-01-01,AVAX,-12.95315864779398
2025-01-01,BNB,10.0
2025-01-01,ENA,10.0
2025-01-01,kPEPE,10.0
2025-01-01,kSHIB,-12.95315864779398
2025-01-01,LDO,10.0
2025-01-01,SUI,10.0
2025-01-01,TRX,10.0
2025-01-01,WIF,-12.95315864779398
2025-01-01,XRP,10.0
2025-01-01,FTM,-12.95315864779398
2025-01-02,AAVE,-10.423551460253007
2025-01-02,BTC,10.0
2025-01-02,DOGE,10.0
2025-01-02,kSHIB,13.676528494345906
2025-01-02,LINK,-10.405687600521935
2025-01-02,TRX,-10.365505648723662
2025-01-02,WLD,-10.405687600521935
2025-01-03,AVAX,14.380317815655834
2025-01-03,BNB,-10.108344045315214
2025-01-03,LDO,-11.126480026557488
2025-01-03,SOL,10.0
2025-01-04,ETH,10.0
2025-01-04,POPCAT,-10.550542678334901
2025-01-05,kPEPE,-10.685652375793222
2025-01-05,LDO,10.598251873954085
2025-01-05,SOL,-9.786716814971102
2025-01-06,AAVE,-10.500267308817655
2025-01-06,AVAX,10.500267308817655
2025-01-06,BTC,26.664456517804688
2025-01-06,ENA,-12.199949991665276
2025-01-06,LDO,-10.229788906503241
2025-01-06,SOL,10.0
2025-01-06,WLD,11.866055465705385
2025-01-07,BTC,-21.867026414970503
2025-01-07,ENA,10.0
2025-01-07,ETH,-9.24380775329433
2025-01-07,LINK,10.082365664931842
2025-01-07,ONDO,-10.402579823112351
2025-01-07,SOL,-9.270394133822181
2025-01-08,AVAX,-8.920722399035691
2025-01-08,BNB,10.0
2025-01-09,AAVE,8.64917784736684
2025-01-09,kBONK,-10.496945859305027
2025-01-09,LTC,10.0
2025-01-12,ENA,-8.472683397683397
2025-01-13,ETH,-11.425167565772378
2025-01-13,FTM,11.6010898784785
2025-01-14,LDO,10.0
2025-01-14,XRP,17.095356676790296
2025-01-15,BTC,19.004823555738483
2025-01-15,ETH,12.566737565730831
2025-01-16,SOL,10.0
2025-01-17,ENA,-12.525833210959474
2025-01-17,LINK,10.0
2025-01-18,kBONK,12.976588044332805
2025-01-18,LDO,-9.589382448537378
2025-01-18,SOL,14.659485874424258
2025-01-19,kPEPE,-12.432561840291411
2025-01-19,ONDO,10.37437822189201
2025-01-19,SUI,-10.517603660814341
2025-01-19,WLD,-12.432561840291411
2025-01-19,XRP,-12.887034978990787
2025-01-20,BNB,-9.808405438813347
2025-01-20,ENA,11.37783491940571
2025-01-20,POPCAT,-10.322477054519922
2025-01-21,AAVE,10.0
2025-01-21,AVAX,-12.075724652202634
2025-01-22,ETH,-12.164289453794622
2025-01-22,WLD,15.100594305703224
2025-01-23,DOGE,-10.38168839596484
2025-01-23,ETH,12.537397230419174
2025-01-25,SUI,-12.452485177409837
2025-01-26,AVAX,11.684561758562426
2025-01-26,JUP,10.0
2025-01-27,AAVE,-8.219617353812986
2025-01-28,kBONK,-12.51167811351433
2025-01-29,kBONK,13.289261595313041
2025-01-29,ONDO,10.0
2025-01-29,RUNE,-12.258475859775613
2025-01-30,SUI,12.409670337332544
2025-01-30,WLD,-12.464081390467959
2025-01-31,kBONK,-12.972741171093993
2025-01-31,LDO,10.0
2025-01-31,RUNE,12.665240078481807
2025-01-31,SOL,-13.934681340052226
2025-02-01,RUNE,-11.837947820340556
2025-02-01,SOL,-9.179967215943405
2025-02-02,BTC,-22.024875638746252
2025-02-02,DOGE,-11.554558912727348
2025-02-02,RUNE,13.586030657138549
2025-02-03,BTC,17.224135981460883
2025-02-03,LINK,-8.629629629629635
2025-02-04,BNB,-10.014878439530731
2025-02-04,BTC,-12.602796475335184
2025-02-04,XRP,-15.988444130249153
2025-02-06,AVAX,-10.416398861668416
2025-02-06,BNB,9.99755952942883
2025-02-07,POPCAT,7.7453902663983065
2025-02-08,AVAX,10.446151500519226
2025-02-08,ETH,-11.770932402567118
2025-02-08,LDO,-6.6258627425446015
2025-02-09,SOL,14.174597706539865
2025-02-10,BNB,11.9849880803007
2025-02-10,JUP,-7.912289019533476
2025-02-10,POPCAT,11.9849880803007
2025-02-11,ENA,-10.268732601964844
2025-02-12,SOL,-13.92136620901298
2025-02-13,BTC,-13.85883707791575
2025-02-13,ONDO,-9.071448050177256
2025-02-13,XRP,18.273750539313284
2025-02-14,DOGE,11.728457678153987
2025-02-14,JUP,14.287469434100547
2025-02-15,LDO,14.301316740138498
2025-02-15,POPCAT,-12.250619997979282
2025-02-17,ETH,12.273879563689503
2025-02-17,kPEPE,7.837868880677383
2025-02-17,WIF,-13.285930522683227
2025-02-18,JUP,-10.780136757257418
2025-02-18,SOL,-14.09352169099697
2025-02-19,BTC,14.13954287375573
2025-02-21,DOGE,-13.264593877229085
2025-02-21,TAO,11.053828231024237
2025-02-21,WLD,8.338561501046971
2025-02-22,kPEPE,-10.973957261084717
2025-02-22,SUI,10.0
2025-02-23,BTC,-14.083520643388812
2025-02-23,ETH,10.0
2025-02-24,ETH,-8.91845859058974
2025-02-24,kBONK,6.871301346602491
2025-02-24,LINK,-11.105034596072553
2025-02-24,RUNE,10.0
2025-02-24,TIA,10.0
2025-02-25,BTC,-11.1797016854912
2025-02-25,ENA,9.429264640883117
2025-02-25,LDO,-11.137993779829443
2025-02-25,XRP,-16.57964687796523
2025-02-26,BNB,-11.85027084407542
2025-02-26,ETH,-11.234051025412954
2025-02-26,POPCAT,11.234051025412954
2025-02-26,WIF,16.23463995557725
2025-02-27,SUI,-8.13772752505332
2025-02-27,TAO,-8.21442018565957
2025-02-27,MKR,12.800050150202177
2025-02-28,AAVE,-10.69824064355226
2025-02-28,SOL,12.322363942314425
2025-03-02,ADA,10.0
2025-03-02,BTC,11.874659180863835
2025-03-02,LDO,-10.0
2025-03-02,TIA,-12.801814590791258
2025-03-02,XRP,21.42168036949399
2025-03-03,RUNE,-9.332059666397235
2025-03-03,TIA,10.0
2025-03-04,AAVE,11.499273636829885
2025-03-04,LINK,10.826097801063648
2025-03-04,LTC,-10.131064162754297
2025-03-04,SUI,-11.42294941127915
2025-03-05,ENA,-10.0
2025-03-05,ONDO,10.0
2025-03-06,JUP,-10.0
2025-03-06,LINK,10.0
2025-03-06,MKR,-9.384244259975313
2025-03-07,ENA,23.12091130791884
2025-03-07,POPCAT,-9.02830818361207
2025-03-07,TIA,-9.227706540195562
2025-03-08,ONDO,-8.461283977110156
2025-03-09,MKR,11.032085212122878
2025-03-10,AAVE,10.0
2025-03-11,TIA,10.0
2025-03-11,MKR,-10.502070703359712
2025-03-12,AAVE,-9.701409701409704
2025-03-12,kPEPE,7.932349327096144
2025-03-12,LDO,6.699024177104572
2025-03-12,LINK,-7.901929731949088
2025-03-12,LTC,-10.0
2025-03-12,POPCAT,-10.0
2025-03-13,BNB,10.980926253434209
2025-03-13,POPCAT,10.579307008526335
2025-03-14,ENA,-8.700537835787683
2025-03-17,kPEPE,10.90331273581926
2025-03-17,SUI,10.754311025937744
2025-03-18,AAVE,-11.32458054643408
2025-03-18,POPCAT,10.0
2025-03-18,MKR,10.0
2025-03-19,ADA,-6.558906525573191
2025-03-19,ONDO,-10.0
2025-03-20,AVAX,-10.0
2025-03-20,ENA,10.0
2025-03-21,AAVE,11.862672935820656
2025-03-21,AVAX,10.236544211875264
2025-03-21,ENA,-9.127964555642428
2025-03-21,SUI,-10.0
2025-03-23,MKR,-9.61909240536092
2025-03-24,AVAX,10.030050722443992
2025-03-25,XRP,-17.852007767002696
2025-03-26,AAVE,-12.749907991645438
2025-03-26,DOGE,10.790153851772546
2025-03-26,SUI,11.6227739041613
2025-03-26,TIA,-11.188474639832494
2025-03-26,MKR,12.749907991645438
2025-03-27,BNB,-12.067362246956
2025-03-27,BTC,10.0
2025-03-27,JUP,8.968098904887782
2025-03-27,kBONK,10.654177575176126
2025-03-27,SUI,13.247785680902881
2025-03-27,WIF,-12.785013090211352
2025-03-28,BTC,-9.677822636142588
2025-03-28,ENA,10.57232800346143
2025-03-28,POPCAT,-10.479448583447367
2025-03-28,XRP,-10.57232800346143
2025-03-29,ADA,11.165241909850453
2025-03-29,kBONK,-8.889591668356378
2025-03-30,ADA,-10.964350568424146
2025-03-30,BNB,11.329521299497962
2025-03-31,ADA,11.372716142147711
2025-03-31,ENA,-9.43059013335423
2025-04-01,ADA,-11.637541618900203
2025-04-01,kBONK,11.444450464309497
2025-04-02,AVAX,-8.397708217971322
2025-04-02,XRP,9.682233561677512
2025-04-03,ADA,11.787344194414802
2025-04-03,CRV,11.787344194414802
2025-04-03,LINK,-14.144813033297764
2025-04-03,SUI,-10.780509533653557
2025-04-03,WIF,9.415312099716758
2025-04-04,TIA,-11.884626338604882
2025-04-05,BTC,10.269083709851563
2025-04-05,ONDO,9.161300544345481
2025-04-07,BNB,-10.447327633792467
2025-04-07,SOL,-12.095298487519443
2025-04-08,BTC,-9.381792966206676
2025-04-09,ADA,-11.46049234573454
2025-04-09,BTC,14.654214613503385
2025-04-09,kPEPE,-10.296588997067337
2025-04-09,LINK,13.883644258904832
2025-04-09,ONDO,14.654214613503385
2025-04-10,AVAX,12.251351236409402
2025-04-10,BTC,-14.118264322903144
2025-04-10,kPEPE,12.251351236409402
2025-04-10,POPCAT,12.251351236409402
2025-04-10,MKR,-11.954255867357718
2025-04-11,ETH,-10.325982695237196
2025-04-11,SOL,13.726252332573027
2025-04-13,LTC,8.491390612708681
2025-04-13,OM,-17.937196186146682
2025-04-14,kPEPE,-13.394153482571268
2025-04-15,ENA,-10.99460487052799
2025-04-15,SOL,10.0
2025-04-16,ONDO,-14.107902016177269
2025-04-17,BTC,10.0
2025-04-18,BTC,-9.942052882633533
2025-04-18,kPEPE,10.0
2025-04-19,BTC,10.171484118918148
2025-04-19,TAO,10.0
2025-04-19,TIA,10.79941550588335
2025-04-20,DOGE,-11.107043354380593
2025-04-20,kBONK,-11.255981618226857
2025-04-21,BTC,18.89993963454635
2025-04-22,AVAX,-14.757294236046365
2025-04-22,POPCAT,-13.68870582729302
2025-04-22,SUI,10.0
2025-04-23,AAVE,12.0804497354714
2025-04-23,CRV,-14.831052280450013
2025-04-23,WIF,10.0
2025-04-24,BNB,-10.0
2025-04-24,BTC,22.39335846286736
2025-04-24,ETH,10.173587833342268
2025-04-24,SUI,10.905642509835708
2025-04-24,XRP,-10.0
2025-04-25,kBONK,10.0
2025-04-26,XRP,9.939677068214806
2025-04-27,ADA,-10.0
2025-04-27,WLD,10.0
2025-04-28,XRP,10.0
2025-04-29,XRP,-9.755512943432407
2025-04-30,XRP,-10.0
2025-05-01,ETH,10.388398914518318
2025-05-01,kPEPE,-11.917041888388598
2025-05-01,ONDO,-10.0
2025-05-03,ADA,9.945968235009742
2025-05-03,WLD,-8.489501779359427
2025-05-04,CRV,10.529396441936582
2025-05-04,WIF,-10.17169132643601
2025-05-05,AVAX,-12.901861219105392
2025-05-05,BNB,9.936107552286986
2025-05-05,DOGE,12.203071931599844
2025-05-05,ETH,10.0
2025-05-05,kBONK,-8.520118551263376
2025-05-08,CRV,-11.643467228074844
2025-05-08,SOL,15.541938046505374
2025-05-08,XRP,20.62867831561659
2025-05-09,kPEPE,13.80274381775297
2025-05-10,ADA,-11.351623084813026
2025-05-10,ETH,19.042032118531104
2025-05-10,WIF,10.0
2025-05-10,XRP,11.610147171690455
2025-05-11,XRP,-21.277552217384596
2025-05-12,MOODENG,11.295246467641148
2025-05-12,XRP,26.14952111785132
2025-05-13,CRV,-10.0
2025-05-14,AVAX,16.376624391078494
2025-05-14,POPCAT,-15.525208839386224
2025-05-14,OM,7.484421208840229
2025-05-15,SOL,-10.521266997466338
2025-05-15,XRP,-24.516588175530078
2025-05-16,AAVE,10.84724249405402
2025-05-16,SUI,-10.126699136783515
2025-05-17,AVAX,-10.768139141591814
2025-05-18,BTC,45.4687130384502
2025-05-18,LINK,-10.0
2025-05-18,TAO,-14.67873771339886
2025-05-18,XRP,10.0
2025-05-19,LINK,9.948343202721432
2025-05-19,XRP,-9.792292189363716
2025-05-21,CRV,9.76584636373177
2025-05-21,LINK,-10.933805138142413
2025-05-22,SOL,21.36572554234226
2025-05-22,XRP,11.787278032879724
2025-05-23,ADA,10.071315153721278
2025-05-23,BTC,-43.57171089793149
2025-05-23,LTC,-10.0
2025-05-23,SOL,-13.88522058341642
2025-05-23,SUI,-15.517532897295997
2025-05-23,XRP,-21.125865701590136
2025-05-25,kPEPE,-15.154926684085897
2025-05-25,XRP,10.197145095308557
2025-05-26,SOL,19.368400823013435
2025-05-26,SUI,-10.0
2025-05-26,XRP,-10.0
2025-05-27,SUI,10.527839899076781
2025-05-27,TAO,10.648416875994094
2025-05-28,AVAX,11.46787381505265
2025-05-28,SOL,-15.349846159150506
2025-05-28,SUI,-10.0
2025-05-28,TAO,-10.328335128890961
2025-05-29,BTC,-37.52111320989188
2025-05-29,ENA,15.00353186397123
2025-05-29,ONDO,9.850638479466895
2025-05-29,POPCAT,-12.594694449546196
2025-05-29,SOL,-12.746447570153032
2025-05-30,kBONK,-10.448712280931677
2025-05-30,SOL,-14.95142919153385
2025-05-31,ETH,-10.695762941257822
2025-05-31,TAO,10.31457348956269
2025-06-01,DOGE,-10.277877966274646
2025-06-01,SUI,9.270180305131758
2025-06-02,ENA,-10.389921097490955
2025-06-02,POPCAT,11.927417701135914
2025-06-03,ENA,10.871624212574853
2025-06-03,ETH,17.112504465004392
2025-06-03,SUI,-12.46046423559919
2025-06-03,TAO,-9.278172900938522
2025-06-03,XRP,9.718651257412455
2025-06-04,AVAX,-10.382047277450129
2025-06-04,LTC,9.23388790857911
2025-06-04,POPCAT,-10.382047277450129
2025-06-05,BTC,-11.902332933318416
2025-06-05,CRV,-10.336157060505794
2025-06-05,ETH,-23.438309211706645
2025-06-05,POPCAT,9.83748098162282
2025-06-06,BTC,18.420288182746205
2025-06-06,ETH,11.794086591255832
2025-06-06,SOL,-10.210024364599324
2025-06-06,SUI,12.246104676674465
2025-06-06,WIF,-8.581479489045707
2025-06-07,POPCAT,-10.0
2025-06-08,AVAX,10.877883101109227
2025-06-09,BTC,44.853810681968646
2025-06-09,ETH,25.06097977000879
2025-06-09,SOL,21.13462758624629
2025-06-09,WIF,12.248685715276821
2025-06-09,WLD,-10.207238096064016
2025-06-10,CRV,12.475874796544602
2025-06-10,kPEPE,10.0
2025-06-10,LINK,10.48269579350507
2025-06-10,MOODENG,-9.112744741969324
2025-06-10,TAO,12.638515786391624
2025-06-11,CRV,-10.495095094899838
2025-06-11,SUI,10.495095094899838
2025-06-12,BNB,10.0
2025-06-12,BTC,-38.763255690047465
2025-06-12,ETH,-23.607807404318496
2025-06-12,kPEPE,-8.756184821496536
2025-06-12,SOL,-9.456339601563954
2025-06-13,AVAX,-13.64842939041358
2025-06-13,kBONK,9.683368971937726
2025-06-13,SUI,-9.496239199652148
2025-06-13,MKR,10.0
2025-06-14,BNB,-9.860166577519676
2025-06-14,DOGE,9.465823635433704
2025-06-14,SOL,-13.770963854584899
2025-06-14,SUI,-13.770963854584899
2025-06-14,TAO,-10.728042469844052
2025-06-15,DOGE,-14.360598329209711
2025-06-15,SOL,14.570426812929536
2025-06-16,kBONK,-12.353559249893275
2025-06-18,CRV,9.307062302459824
2025-06-18,MOODENG,14.557737685351531
2025-06-18,UNI,14.557737685351531
2025-06-18,WIF,-9.412993580240864
2025-06-18,WLD,8.373178414466388
2025-06-19,WLD,-14.788797627395123
2025-06-20,AAVE,-11.608724460311935
2025-06-20,BTC,-20.220907337149246
2025-06-20,ETH,-10.99313558422287
2025-06-20,XRP,14.723692336194386
2025-06-22,HYPE,20.09836434206283
2025-06-22,MOODENG,-12.192596253152223
2025-06-22,PURR,15.012563241772678
2025-06-22,XRP,-14.014091681237838
2025-06-23,BTC,18.621540031009182
2025-06-23,CRV,-15.321870343556652
2025-06-23,SUI,13.215057151824617
2025-06-23,WIF,13.133031723048557
2025-06-24,ENA,-13.357407991440109
2025-06-24,PURR,-17.57814931386416
2025-06-24,XRP,13.357407991440109
2025-06-25,ETH,-14.796548562565844
2025-06-25,SEI,13.427322994125044
2025-06-26,kBONK,11.034859481098076
2025-06-26,SUI,-13.385073185006497
2025-06-26,UNI,-13.048376210327744
2025-06-27,BTC,23.36713796756984
2025-06-27,kPEPE,-13.569270128848787
2025-06-27,SUI,13.997650567137013
2025-06-28,ETH,10.0
2025-06-28,POPCAT,8.721309598763668
2025-06-28,SOL,16.036907144840583
2025-06-28,VIRTUAL,-13.466926978051365
2025-06-28,MKR,-8.858040375109713
2025-06-29,AAVE,13.346788401391384
2025-06-29,kPEPE,15.392913719853665
2025-06-29,UNI,13.346788401391384
2025-06-30,ENA,13.220322333252573
2025-06-30,SUI,-15.754034884166584
2025-06-30,XRP,11.127780863101822
2025-07-01,ARB,15.742095244581856
2025-07-01,BTC,-18.121007210968266
2025-07-01,ETH,-9.870641862757175
2025-07-01,HYPE,-10.760230961088826
2025-07-01,UNI,-11.88885264069106
2025-07-01,VIRTUAL,12.677727991387396
2025-07-01,WIF,-12.380448741737405
2025-07-02,BTC,38.50249034178728
2025-07-02,ENA,-15.997852290702808
2025-07-02,ETH,23.009299279623853
2025-07-02,WIF,15.997852290702808
2025-07-02,XRP,-10.249370996102144
2025-07-03,HYPE,24.241745416056993
2025-07-03,kPEPE,-15.927539297084286
2025-07-03,SUI,17.152879639286816
2025-07-03,XRP,17.097122092011183
2025-07-04,AAVE,-12.741009359438038
2025-07-04,ARB,-15.582938473576126
2025-07-04,kBONK,16.240010060329894
2025-07-04,PENGU,16.240010060329894
2025-07-04,SEI,-12.346218083164896
2025-07-04,SOL,-15.703979378286549
2025-07-04,WLD,13.864686394123888
2025-07-05,AAVE,13.972206228756626
2025-07-06,CRV,13.252292212795174
2025-07-06,POPCAT,-20.553845803997994
2025-07-06,SOL,10.0
2025-07-07,ETH,17.907973393320898
2025-07-07,HYPE,-11.886416283484444
2025-07-07,SOL,-9.802423603793466
2025-07-07,VIRTUAL,-17.014931878750414
2025-07-07,WIF,-14.835931191115012
2025-07-07,XRP,-14.938841263834366
2025-07-08,SOL,11.983630342976065
2025-07-09,AVAX,13.72155099852212
2025-07-09,DOGE,14.779551397275542
2025-07-09,FARTCOIN,-19.74247773433701
2025-07-09,kPEPE,17.39051327696462
2025-07-09,SEI,-20.9968956411733
2025-07-10,FARTCOIN,13.504472142013647
2025-07-10,SOL,12.562180960638806
2025-07-10,MKR,-17.11937863179839
2025-07-11,AAVE,-15.210831712387947
2025-07-11,ENA,19.583687634921148
2025-07-11,SEI,26.302511577133266
2025-07-11,WIF,-26.34776621615261
2025-07-11,MKR,16.09145260248258
2025-07-13,HYPE,25.11498668453345
2025-07-13,PENGU,-12.190823630037883
2025-07-13,SOL,-25.068435278432602
2025-07-14,FARTCOIN,-11.409597104665666
2025-07-14,SOL,10.0
2025-07-14,XRP,48.330895235193395
2025-07-15,CRV,17.90330000327028
2025-07-15,HYPE,-18.24132779468298
2025-07-16,kBONK,-17.224240693893464
2025-07-17,HYPE,-31.806727349361104
2025-07-17,VIRTUAL,20.547876073096376
2025-07-18,HYPE,-10.0
2025-07-18,kPEPE,-24.92389730022242
2025-07-18,SOL,37.51175469189727
2025-07-18,XRP,-24.62921698400899
2025-07-19,kBONK,-15.971788938084195
2025-07-19,LINK,24.015327135915616
2025-07-20,BTC,-34.17558238673787
2025-07-20,ENA,19.393013878383687
2025-07-20,HYPE,10.372473467180424
2025-07-20,kPEPE,26.97688283065375
2025-07-20,WIF,10.03301304070261
2025-07-21,AAVE,-21.174343296544457
2025-07-22,ADA,18.363212428521063
2025-07-22,BTC,40.047105998521545
2025-07-22,FARTCOIN,27.35868229502388
2025-07-22,HYPE,10.0
2025-07-22,POPCAT,14.565639163687454
2025-07-22,SEI,-18.363212428521063
2025-07-22,SUI,-18.363212428521063
2025-07-23,BTC,-28.638783631835132
2025-07-23,HYPE,-9.448208890807077
2025-07-23,kPEPE,-15.316714080972943
2025-07-23,SOL,-34.148646705880736
2025-07-23,XRP,-21.85861281003006
2025-07-24,HYPE,-12.743151694177808
2025-07-24,kBONK,17.481064037880834
2025-07-24,XRP,-18.24978108033514
2025-07-25,ADA,-16.58220377900254
2025-07-25,SUI,18.069251077373625
2025-07-26,FARTCOIN,-17.65110375163547
2025-07-27,BNB,20.6525611698217
2025-07-27,kBONK,-17.86792315073051
2025-07-27,SEI,18.06483951709209
2025-07-28,SPX,17.418554553757257
2025-07-30,BTC,-24.38059141532218
2025-07-30,SOL,-16.556694124363776
2025-07-31,BTC,-26.380009733552832
2025-07-31,XRP,-11.891467152704836
2025-08-01,BTC,-9.78353669074695
2025-08-01,ETH,-18.494746535026565
2025-08-01,LINK,-20.973629173665163
2025-08-03,BNB,-18.33582459168553
2025-08-03,BTC,11.603946968532657
2025-08-03,SPX,10.48205661410042
2025-08-04,BTC,12.850610749213926
2025-08-04,FARTCOIN,-10.027010791828046
2025-08-04,HYPE,-11.98462511471464
2025-08-04,kPEPE,-10.786716291116333
2025-08-04,LTC,23.717034837563574
2025-08-04,POPCAT,11.938351291123352
2025-08-04,SPX,-25.17558183697584
2025-08-04,XRP,10.0
2025-08-05,BTC,-13.8189598911396
2025-08-05,XRP,-9.64469484791246
2025-08-06,BTC,13.615321648589374
2025-08-07,BTC,34.10478724696239
2025-08-07,CRV,-22.377357067945333
2025-08-07,XRP,39.74912471523528
2025-08-08,kBONK,-19.5394273204846
2025-08-08,LINK,23.44731278458152
2025-08-08,PENGU,-22.068105057901448
2025-08-09,AAVE,20.24603590969936
2025-08-09,BTC,-30.20352853166559
2025-08-09,HYPE,26.707265482023235
2025-08-09,SOL,10.0
2025-08-10,BTC,57.36494504862668
2025-08-10,XRP,-27.164067470714713
2025-08-11,BNB,22.844381061725784
2025-08-11,HYPE,-10.0
2025-08-12,HYPE,10.375121567174547
2025-08-12,SOL,14.29638524919302
2025-08-12,SPX,-19.214054338617352
2025-08-12,XRP,10.408761982166233
2025-08-13,HYPE,28.807996315529522
2025-08-14,ADA,17.996766582746176
2025-08-14,BTC,-58.22294651065732
2025-08-14,ENA,-10.208135024204665
2025-08-14,HYPE,-10.105383806316635
2025-08-14,XRP,-10.445289305728426
2025-08-15,SOL,-13.095893245839244
2025-08-16,BTC,-11.071398601238991
2025-08-17,LINK,-11.974930704181801
2025-08-18,LTC,-23.041754073433886
2025-08-19,BTC,-15.340291987688335
2025-08-19,ETH,-13.5166046848572
2025-08-19,HYPE,-15.791489236939341
2025-08-19,SOL,-10.48282781668444
2025-08-19,XRP,-9.283371756989316
2025-08-20,HYPE,10.0
2025-08-20,SOL,12.182828574498668
2025-08-21,AAVE,17.7680181370152
2025-08-21,BTC,-21.321621764418243
2025-08-21,HYPE,-9.403175931738392
2025-08-21,SOL,-11.68050402963612
2025-08-21,WIF,16.284382267250013
2025-08-22,BTC,10.760579520548303
2025-08-22,HYPE,11.650274377568262
2025-08-22,SOL,20.818393829119774
2025-08-22,XRP,10.0
2025-08-23,BTC,-16.267520072922864
2025-08-23,ENA,-18.640092303791338
2025-08-23,LDO,18.36104279496753
2025-08-23,SPX,14.950447761528592
2025-08-23,XRP,-9.919011221336802
2025-08-24,SOL,19.847164843056415
2025-08-25,ADA,-16.24688119894186
2025-08-25,HYPE,-11.047585354506326
2025-08-25,kBONK,-12.075549857931444
2025-08-25,SOL,-13.341112755223236
2025-08-26,HYPE,36.615771720578024
2025-08-26,LDO,-15.65863461742012
2025-08-27,AVAX,18.05815194743262
2025-08-27,CRV,-21.669782336919145
2025-08-27,LINK,-16.892618357332687
2025-08-29,HYPE,-13.195317433811617
2025-08-29,kBONK,29.55540292893811
2025-08-29,LINK,15.614676901653063
2025-08-30,SUI,-21.67389884563372
2025-08-31,AVAX,-17.304773980823246
2025-08-31,ENA,16.02307424860794
2025-09-01,AAVE,-18.036225808327025
2025-09-02,AVAX,18.661937327551094
2025-09-02,HYPE,-10.357435316938563
2025-09-02,kBONK,-18.661937327551094
2025-09-03,LINK,-15.804107411694476
2025-09-05,HYPE,25.199472798771104
2025-09-05,SUI,22.11384155445244
2025-09-06,AAVE,-22.53081979965776
2025-09-06,CRV,20.355755637627638
2025-09-06,ETH,-31.495099548776725
2025-09-07,DOGE,19.74653960007844
2025-09-07,ETH,10.0
2025-09-08,ETH,-10.001394246409816
2025-09-08,kBONK,21.10742605154945
2025-09-08,LDO,-25.220023540040224
2025-09-08,SOL,22.39243574065633
2025-09-09,WLD,18.507570158088754
2025-09-10,LDO,26.0846739967433
2025-09-11,BTC,38.418313680370034
2025-09-11,ETH,-10.963038247804002
2025-09-11,XRP,-10.0
2025-09-12,CRV,-26.50608663243174
2025-09-12,ENA,-19.50163956961324
2025-09-12,ETH,40.307460893517295
2025-09-12,kPEPE,25.504085834626512
2025-09-13,ARB,-22.25671989594812
2025-09-13,CRV,26.132389626373026
2025-09-13,LTC,-22.25671989594812
2025-09-13,XRP,10.25937736283244
2025-09-14,BTC,19.47761837392275
2025-09-14,XRP,-19.843191552033403
2025-09-15,ADA,-27.342074409944306
2025-09-15,LTC,21.22664448867359
2025-09-16,BTC,20.52029477083994
2025-09-16,ENA,-27.650897539741056
2025-09-16,XRP,34.58524820800665
2025-09-17,LINK,-20.85595739683288
2025-09-17,LTC,-20.85595739683288
2025-09-18,ADA,29.30367709316278
2025-09-19,BTC,-16.064635947583803
2025-09-19,ETH,-10.097436348378636
2025-09-19,WLD,10.893709763726473
2025-09-20,FARTCOIN,-12.786655710318286
2025-09-20,LINK,20.282442464875473
2025-09-20,XRP,-14.364674172087845
2025-09-21,AAVE,-16.063979017312732
2025-09-21,ARB,-18.52669887080474
2025-09-21,LTC,20.32617469525408
2025-09-22,BTC,-33.79421912636651
2025-09-22,ETH,-16.09742349048767
2025-09-22,HYPE,-35.758270432626595
2025-09-23,AAVE,10.865150688075062
2025-09-23,HYPE,-24.858101873796386
2025-09-23,kBONK,-24.858101873796386
2025-09-23,SOL,-17.34367791970044
2025-09-25,AAVE,23.55884111832824
2025-09-25,ARB,32.45629334538633
2025-09-25,LINK,-30.35182891160567
2025-09-25,IP,25.29319075967139
2025-09-26,ENA,23.638430731248942
2025-09-26,HYPE,24.93487248651199
2025-09-26,kPEPE,-37.03631504847167
2025-09-26,LINK,31.760455406186523
2025-09-26,PENGU,-37.03631504847167
2025-09-27,HYPE,24.773370436808474
2025-09-27,SOL,-30.881659207246344
2025-09-28,IP,-27.928016472901533
2025-09-29,BTC,31.343523954926965
2025-09-29,DOGE,-20.26000831181896
2025-09-29,ENA,-30.200579903171164
2025-09-29,LINK,21.5718427879794
2025-09-29,XRP,21.5718427879794
2025-09-30,LINK,-21.147989628101467
2025-10-01,ADA,36.471967716189056
2025-10-01,AVAX,-23.462769125142895
2025-10-01,BTC,58.5382372250792
2025-10-01,ETH,11.611335159929638
2025-10-01,HYPE,-25.585745177936428
2025-10-01,SOL,47.90636875677893
2025-10-01,WLD,-22.17138443960585
2025-10-01,XRP,-22.092431375695835
2025-10-02,AAVE,-24.468364764094442
2025-10-02,DOGE,42.73173144796612
2025-10-02,ETH,12.87199066904722
2025-10-02,HYPE,10.0
2025-10-02,kPEPE,15.95968454754178
2025-10-02,PENGU,16.878691962348196
2025-10-03,ADA,-12.44510797821492
2025-10-03,DOGE,-17.406513729425015
2025-10-03,ETH,30.8331661209715
2025-10-03,HYPE,-9.728066380903694
2025-10-03,XRP,23.72843611799876
2025-10-04,ADA,-23.953121360935278
2025-10-04,LTC,24.739119056581544
2025-10-04,XRP,-23.17309305981669
2025-10-05,PENGU,24.216564693733226
2025-10-06,AAVE,25.16310892703138
2025-10-06,BNB,-13.881244581272249
2025-10-06,FARTCOIN,29.412416603348344
2025-10-06,HYPE,-29.23048749563989
2025-10-06,MNT,20.878919639742776
2025-10-06,WLD,-29.23048749563989
2025-10-07,SOL,-18.344924577263413
2025-10-08,XRP,-23.963649578221958
2025-10-09,ETH,-22.10537522289997
2025-10-09,ZEC,17.978774517897968
2025-10-10,BTC,-66.57944550614778
2025-10-10,DOGE,-18.46919939607326
2025-10-10,kBONK,-12.238680452414014
2025-10-10,kPEPE,-12.079672113670293
2025-10-10,WLD,19.41144626410094
2025-10-11,ETH,-27.393779869047474
2025-10-11,FARTCOIN,-23.429269397378757
2025-10-11,MNT,14.448538884013816
2025-10-11,SOL,-23.470391193173068
2025-10-12,ETH,27.45430376140056
2025-10-12,kBONK,10.836691773752914
2025-10-12,LTC,-20.281647841338245
2025-10-12,MNT,-11.502319867606701
2025-10-13,HYPE,26.237674474790126
2025-10-13,SOL,22.260619907669607
2025-10-14,kBONK,23.914197750705025
2025-10-15,BTC,-19.65790695090137
2025-10-15,FARTCOIN,26.88759446249899
2025-10-15,HYPE,-30.719137427636483
2025-10-15,IP,20.479424951757654
2025-10-16,SUI,-24.07350337598075
2025-10-17,AAVE,-24.18270582701106
2025-10-17,ENA,23.29699430375842
2025-10-17,TAO,17.2733613050079
2025-10-18,AVAX,-20.112589133796128
2025-10-18,ENA,15.084441850347098
2025-10-18,ETH,-10.63139363759771
2025-10-18,HYPE,10.175422675001894
2025-10-19,HYPE,20.389060209653152
2025-10-20,FARTCOIN,-24.15618399884912
2025-10-20,LINK,17.254417142035084
2025-10-20,SOL,-20.243137811884832
2025-10-20,XRP,20.74038108172399
2025-10-20,IP,-18.69529668387125
2025-10-21,BNB,-18.017298537440375
2025-10-21,HYPE,-19.88462673793114
2025-10-21,LINK,-16.26274144097023
2025-10-22,ENA,16.02831385475915
2025-10-22,ETH,-14.759269182996402
2025-10-22,HYPE,20.357227305589756
2025-10-22,PENGU,-20.11906351957356
2025-10-22,TAO,12.998249591365425
2025-10-23,ENA,-11.644296716989324
2025-10-23,HYPE,19.992725597961698
2025-10-23,SOL,19.992725597961698
2025-10-23,TAO,-10.639551946367348
2025-10-24,kPEPE,10.325510483583372
2025-10-24,MNT,-19.99767404440952
2025-10-24,XRP,19.81542812353413
2025-10-25,BTC,19.853416888498565
2025-10-25,ENA,-20.710093287124128
2025-10-26,TAO,-20.966452763228418
2025-10-28,TAO,20.23601404998649
2025-10-29,FARTCOIN,25.970605164154208
2025-10-29,TRUMP,17.36218639511931
2025-10-29,ZEC,-12.28520005119054
2025-10-31,AAVE,26.742924489246924
2025-10-31,ENA,-24.157100284673295
2025-10-31,SOL,-19.56521345441768
2025-11-01,VIRTUAL,20.07714079203511
2025-11-01,XRP,-19.766481647691137
2025-11-02,BTC,-19.648275165144724
2025-11-02,PENGU,17.95933869430166
2025-11-03,AVAX,-11.92484435752441
2025-11-03,kPEPE,-12.694208057125662
2025-11-06,DOGE,-22.8820608127684
2025-11-06,ZEC,18.24869925827048
2025-11-07,AVAX,30.369200004326544
2025-11-07,DOGE,25.32617474078612
2025-11-07,ETH,-23.123738521435534
2025-11-07,LTC,19.269782101196274
2025-11-07,SOL,-23.123738521435534
2025-11-08,NEAR,16.132898515401777
2025-11-08,ZEC,-16.974742662910188
2025-11-09,BTC,-22.77042470212628
2025-11-09,kPEPE,30.22765078297899
2025-11-10,HYPE,-20.571411411811134
2025-11-11,AVAX,-17.947750902092867
2025-11-11,TAO,-16.98867439471041
2025-11-11,UNI,17.947750902092867
2025-11-16,STRK,15.847624526981013
2025-11-19,TRUMP,-14.41628313639725
2025-11-20,HYPE,17.601063977729904
2025-11-20,NEAR,-11.404574546565524
2025-11-21,LTC,-15.633024599485973
2025-11-21,SOL,18.38917057607204
2025-11-21,TRUMP,17.08619105980038
2025-11-22,HYPE,-14.05178950530991
2025-11-24,FARTCOIN,14.572623875229652
2025-11-24,LINK,-14.572623875229652
2025-11-24,TRUMP,-17.363560749300717
2025-11-24,XRP,14.572623875229652
2025-11-24,ZEC,-11.070796955107728
2025-11-25,ENA,17.480480682464478
2025-11-27,AVAX,15.850044140584139
2025-11-27,TRUMP,-17.23176867400848
2025-11-27,UNI,-13.366874959225896
2025-11-28,ENA,14.252680754753484
2025-11-28,ETH,20.397952697298223
2025-11-29,AVAX,-17.052754606942305
2025-11-29,HYPE,14.210628839118586
2025-11-29,ZEC,-15.604751986913135
2025-11-30,DOGE,-13.863696979280103
2025-11-30,HYPE,-13.213486052997665
2025-11-30,UNI,13.863696979280103
2025-12-01,TRUMP,16.071565510231345
2025-12-02,AAVE,13.84433386873372
2025-12-02,BTC,19.83241757799676
2025-12-02,ENA,-13.616431948944365
2025-12-02,LINK,28.980210680353597
2025-12-02,STRK,-8.891533867807624
2025-12-02,SUI,29.428966348980268
2025-12-02,TAO,-20.76650080310058
2025-12-02,VIRTUAL,-10.04852744987376
2025-12-02,ZEC,-20.76650080310058
2025-12-03,ETH,13.748438776666225
2025-12-03,HYPE,-13.629568425729346
2025-12-03,TRUMP,-13.629568425729346
2025-12-03,UNI,-14.020297031284494
2025-12-04,NEAR,-11.668006896373813
2025-12-04,TAO,10.144153610269955
2025-12-04,XRP,-13.707713721550311
2025-12-04,ZEC,12.723822059583272
2025-12-05,TAO,11.079676974577001
2025-12-07,ENA,14.101257644194094
2025-12-08,NEAR,11.337253080921915
2025-12-08,UNI,-16.840914418198025
2025-12-08,ZEC,12.861917385471155
2025-12-09,AVAX,17.489881893376324
2025-12-09,ETH,10.917477151332083
2025-12-09,SUI,-14.119060159794788
2025-12-09,XRP,-17.953988770615048
2025-12-10,ENA,-13.691094907341673
2025-12-10,ZEC,18.147657363345516
2025-12-11,AVAX,-15.222925118439878
2025-12-11,NEAR,-15.222925118439878
2025-12-11,TRUMP,12.777959330904531
2025-12-12,UNI,16.265274658176214
2025-12-13,ENA,-13.760901746541336
2025-12-13,STRK,-13.760901746541336
2025-12-13,TNSR,16.05438537096489
2025-12-16,BCH,15.977287479218408
2025-12-16,ETH,-22.519935566874157
2025-12-16,NEAR,14.296486554293306
2025-12-17,LINK,-12.610344368438064
2025-12-18,TAO,-15.98471668635902
2025-12-18,XRP,15.403507630130148
2025-12-19,AAVE,10.813968569759773
2025-12-19,DOGE,12.558956698756996
2025-12-19,FARTCOIN,-14.620548272145964
2025-12-19,TNSR,10.668593726584096
2025-12-20,ETH,19.22113780451566
2025-12-20,TNSR,-23.797661734273426
2025-12-20,UNI,19.22113780451566
2025-12-21,AAVE,-21.87732954007085
2025-12-21,ADA,-19.041573504290117
2025-12-21,STRK,10.369084430602825
2025-12-22,AAVE,-18.924785709161416
2025-12-22,AVAX,14.087224945473606
2025-12-24,ENA,-12.69544287398311
2025-12-24,HYPE,9.888719498982487
2025-12-25,FARTCOIN,19.14767286378713
2025-12-26,DOGE,-16.064507482148514
2025-12-26,XRP,-16.064507482148514
2025-12-28,ETH,-19.0435708569128
2025-12-28,ZEC,16.620858821189437
2025-12-29,ENA,25.05074842730617
2025-12-29,kPEPE,19.7235176036412
2025-12-30,BNB,19.930128230473485
2025-12-30,FARTCOIN,-18.856887239869977
2026-01-01,AVAX,16.705783757824207
2026-01-01,HYPE,-16.705783757824207
2026-01-02,BCH,-17.848203311232858
2026-01-02,BNB,-20.39270473183446
2026-01-02,BTC,-20.78181954115168
2026-01-02,DOGE,18.663835867962316
2026-01-02,ETH,28.468651847699636
2026-01-02,PENGU,20.78181954115168
2026-01-02,XRP,17.487194491637688
2026-01-02,ZEC,-27.21429299016158
2026-01-03,BCH,17.41320670173135
2026-01-03,kPEPE,-12.215705804623465
2026-01-03,SUI,17.41320670173135
2026-01-03,UNI,-35.55561187650547
2026-01-04,BCH,-17.003615610703775
2026-01-04,DOGE,17.542691824339713
2026-01-04,ETH,-10.225238296877357
2026-01-04,FARTCOIN,17.542691824339713
2026-01-04,TAO,19.492810123135428
2026-01-05,BTC,48.707045054723544
2026-01-05,SOL,12.34744025136958
2026-01-05,XRP,15.173211519242498
2026-01-06,AVAX,-17.959148037696313
2026-01-06,DOGE,-17.667016577524173
2026-01-06,ETH,29.84950415241863
2026-01-06,kBONK,21.35390412393338
2026-01-06,PENGU,-25.5042639742958
2026-01-06,SOL,21.39537367221103
2026-01-07,BTC,-47.25803083293807
2026-01-07,ETH,-37.2541543789673
2026-01-07,SOL,-22.89519622002998
2026-01-07,ZEC,-9.62937922556853
2026-01-08,ADA,20.58442973749085
2026-01-08,ETH,-9.810588123875366
2026-01-08,ZEC,-20.974040551562933
2026-01-09,ENA,-17.67291013287246
2026-01-09,SOL,-9.96699427900836
2026-01-09,XRP,-13.546055735767855
2026-01-10,BNB,21.425617809495392
2026-01-11,BCH,15.204389471325504
2026-01-11,BTC,20.856056482294864
2026-01-11,kBONK,-18.675284686127846
2026-01-11,PENGU,15.204389471325504
2026-01-11,SOL,41.05437903990251
2026-01-12,AAVE,20.739835560651137
2026-01-12,ENA,-10.857919582344508
2026-01-12,UNI,-11.305797272410162
2026-01-13,BCH,-14.462488821888545
2026-01-13,BTC,67.63227802650812
2026-01-13,ETH,43.120771151823185
2026-01-13,FARTCOIN,-18.32022905638948
2026-01-14,kPEPE,-17.786489319621523
2026-01-14,LTC,-22.329493531185832
2026-01-17,BCH,-18.464415330092315
2026-01-17,PENGU,-14.930106279432776
2026-01-18,BTC,-32.64293431551223
2026-01-18,SOL,-20.93705768479794
2026-01-18,XMR,19.570635036274236
2026-01-19,ETH,-14.072200254082844
2026-01-19,SUI,-16.39468260087342
2026-01-20,BCH,37.81960715154814
2026-01-20,BTC,-11.855275491815245
2026-01-20,kPEPE,20.0104700397864
2026-01-20,SOL,-17.860937997841923
2026-01-21,AAVE,21.993593654281288
2026-01-21,ETH,-25.509225162743732
2026-01-21,HYPE,-11.55145971001379
2026-01-22,IP,18.956088002998232
2026-01-23,AAVE,-21.65697109427347
2026-01-23,LTC,-17.03074956034071
2026-01-23,ZEC,18.277513159819588
2026-01-24,SUI,-29.569735573321754
2026-01-25,BTC,-19.610505099735015
2026-01-25,HYPE,27.223585626665155
2026-01-25,kBONK,21.534939487825536
2026-01-25,LINK,-30.148915282955752
2026-01-25,PUMP,21.534939487825536
2026-01-25,SOL,-30.148915282955752
2026-01-25,UNI,23.409247031396546
2026-01-26,LTC,12.160773221666066
2026-01-26,XMR,-41.364886365047724
2026-01-27,AXS,25.452961713688065
2026-01-27,HYPE,38.02445829865386
2026-01-27,kBONK,-22.66283833748481
2026-01-27,IP,-16.93595015742324
2026-01-29,BCH,-19.360507161293764
2026-01-29,kPEPE,13.516179379469275
2026-01-29,XMR,25.488261343319053
2026-01-30,ENA,-21.699350500185048
2026-01-30,LTC,-17.181897017235386
2026-01-30,SOL,29.85186912816789
2026-01-30,XMR,27.469058986628912
2026-01-31,AXS,15.439346408160556
2026-01-31,BNB,-18.42541787484565
2026-01-31,SUI,-18.577256276650353
2026-02-01,LINK,-17.81999045966098
2026-02-02,BCH,26.675317999270394
2026-02-02,XRP,-32.01038159912448
2026-02-03,ZRO,23.04107233851781
2026-02-04,BCH,-26.306847054978174
2026-02-04,ETH,-27.199581327434927
2026-02-04,LINK,14.529151299548083
2026-02-04,SUI,11.862039711126357
2026-02-05,SOL,-27.691266786201115
2026-02-05,XRP,24.009270085009923
2026-02-06,BNB,-22.216794718249545
2026-02-06,ENA,11.840052501487811
2026-02-06,LTC,12.44401299371357
2026-02-06,XMR,-19.13653779042068
2026-02-06,XRP,25.9195938379578
2026-02-08,ETH,26.449911782956992
2026-02-09,BERA,22.72924188411756
2026-02-10,FARTCOIN,-22.753356398584586
2026-02-10,PUMP,-16.695038280419713
2026-02-11,AXS,-10.645924048422529
2026-02-11,BERA,-28.35056628761128
2026-02-11,ENA,19.45585908392248
2026-02-11,HYPE,-18.544783481897028
2026-02-11,SOL,10.799424079894198
2026-02-11,ZRO,-10.079008322381032
2026-02-12,ETH,-12.172159697069242
2026-02-12,FARTCOIN,10.724997712128415
2026-02-12,LINK,12.564893569187335
2026-02-12,SUI,10.961665259385539
2026-02-12,UNI,-12.172159697069242
2026-02-13,BERA,10.206039711745628
2026-02-13,HYPE,16.53395509498488
2026-02-13,kPEPE,-25.948985430582223
2026-02-13,LTC,10.235485092607908
2026-02-13,XRP,-24.82512076164276
2026-02-14,FARTCOIN,14.681427082835722
2026-02-14,kPEPE,15.491261394841256
2026-02-14,ZEC,15.491261394841256
2026-02-15,BTC,-11.395400460473033
2026-02-15,HYPE,-19.3770252087193
2026-02-16,AXS,-15.42673157418115
2026-02-16,PUMP,15.062476858252035
2026-02-16,UNI,13.502780415333016
2026-02-18,AAVE,14.805581852345915
2026-02-18,ZRO,-12.1581872572911
2026-02-19,BTC,11.094440510522748
2026-02-19,FARTCOIN,-14.821529865911925
2026-02-19,HYPE,-14.359501931658516
2026-02-19,LINK,12.406050423234092
2026-02-20,AAVE,-13.956416931592264
2026-02-20,BTC,-14.559204601395548
2026-02-20,DOGE,14.559204601395548
2026-02-20,LTC,12.001150705624607
2026-02-20,TAO,14.559204601395548
2026-02-21,DOGE,-14.317399884222374
2026-02-21,ZEC,-12.466777027277013
2026-02-21,ZRO,17.4308440853176
2026-02-22,AXS,12.424963549100804
2026-02-22,XMR,12.424963549100804
2026-02-23,AAVE,12.438579343926444
2026-02-23,AXS,-11.694868268446369
2026-02-23,DOGE,12.438579343926444
2026-02-23,PUMP,-12.187283847854648
2026-02-24,HYPE,10.939193713814856
2026-02-25,AAVE,-12.932820336109355
2026-02-25,ADA,12.262549765630725
2026-02-25,HYPE,-11.262063787965719
2026-02-25,LINK,12.262549765630725
2026-02-25,SOL,19.138716883134943
2026-02-25,SUI,12.787298079737853
2026-02-25,TAO,-14.501087246441811
2026-02-25,UNI,12.262549765630725
2026-02-25,XMR,-13.070214453992659
2026-02-25,ZEC,-17.167569671883015
2026-02-26,ETH,12.671075072191815
2026-02-26,kPEPE,-12.244282749491743
2026-02-26,PUMP,-17.116218050928236
2026-02-27,DOGE,-12.52963362863241
2026-02-28,BCH,-14.331291226820237
2026-02-28,HYPE,34.40715639546519
2026-02-28,PUMP,18.204915548636617
2026-02-28,SUI,-14.331291226820237
2026-03-01,ADA,-11.285444294796443
2026-03-01,kPEPE,-12.329711656843566
2026-03-01,VVV,14.384663599650827
2026-03-02,BTC,14.729254740458625
2026-03-03,BNB,21.391008431290295
2026-03-03,DOGE,-14.16770032447515
2026-03-04,BERA,-17.7535327395297
2026-03-04,BTC,19.928064725493
2026-03-04,LINK,-12.359382344849715
2026-03-05,HYPE,-21.409317163099082
2026-03-06,HYPE,19.55036435813466
2026-03-06,NEAR,14.080568749894898
2026-03-08,BTC,-18.08980892357372
2026-03-08,DOGE,14.034060615074097
2026-03-08,TAO,14.096618372067283
2026-03-09,AAVE,-17.097656047540628
2026-03-09,NEAR,-14.169017419640527
2026-03-09,SUI,14.947595301634166
2026-03-10,PUMP,14.206628177988653
2026-03-11,NEAR,12.246193535567382
2026-03-13,PUMP,-13.994377757002768
2026-03-13,UNI,-12.108848088290047
2026-03-14,TRUMP,14.40030692221489
2026-03-15,BTC,10.0
2026-03-15,PUMP,-14.557617464547311
2026-03-15,VVV,-13.848410746052394
2026-03-16,BNB,-16.3530210793995
2026-03-16,ETH,23.165084259407703
2026-03-16,FARTCOIN,16.91899346219354
2026-03-16,SOL,10.0
2026-03-16,TAO,-10.07966247976737
2026-03-16,XPL,11.680729342428213
2026-03-16,XRP,11.04035738742221
2026-03-16,ZEC,19.49221268964025
2026-03-16,ZRO,-11.20682445567038
2026-03-17,SOL,-9.834612744180241
2026-03-17,TRUMP,-13.126289944935227
2026-03-17,XPL,-11.1880547531629
2026-03-17,XRP,-10.860670595550664
2026-03-18,BTC,-9.784962488664156
2026-03-18,DOGE,-13.64908812151566
2026-03-18,FARTCOIN,13.64908812151566
2026-03-19,BCH,14.269576483302993
2026-03-19,XPL,-13.569803469477407
2026-03-22,kPEPE,11.714299467355145
2026-03-22,SUI,-16.279837412016267
2026-03-22,VVV,11.628455294297332
2026-03-22,XPL,12.501756263328815
2026-03-24,ETH,-21.238684168925676
2026-03-25,DOGE,13.783008139852047
2026-03-25,NEAR,-12.072448481165011
2026-03-25,XRP,-16.347017416699874
2026-03-27,TRUMP,-13.636296617662142
2026-03-29,FARTCOIN,-10.412911608722748
2026-03-29,ZRO,10.352038949043465
2026-03-30,FARTCOIN,16.334103522634287
2026-03-30,HYPE,-20.950961261718295
2026-03-31,ETH,13.572621883572218
2026-03-31,ZEC,13.572621883572218
2026-03-31,ZRO,-19.66292537249603
2026-04-01,FARTCOIN,-16.240273385165462
2026-04-01,HYPE,-16.663417423543326
2026-04-01,SOL,-11.736710946112956
2026-04-01,XPL,16.43139532455814
2026-04-03,TAO,25.51571069861393
2026-04-05,HYPE,10.0
2026-04-06,HYPE,-9.847218453188603
2026-04-06,ZRO,-10.41712801518439
2026-04-07,BTC,34.38906676835008
2026-04-07,ETH,30.381047535660294
2026-04-07,HYPE,33.65472621113546
2026-04-07,PUMP,13.966331202491153
2026-04-07,SUI,17.266477866195885
2026-04-08,AAVE,14.738253244317619
2026-04-08,ASTER,-13.982491445053538
2026-04-08,BTC,-17.09961816719458
2026-04-08,ETH,-18.69830208779773
2026-04-08,FARTCOIN,13.982491445053538
2026-04-08,NEAR,13.982491445053538
2026-04-08,VVV,-13.27318357016628
2026-04-09,BTC,32.08158068533804
2026-04-09,FARTCOIN,-11.980878354566984
2026-04-09,TAO,-37.873442729743495
2026-04-09,ZEC,16.443805257505588
2026-04-10,AAVE,-14.176974562433168
2026-04-10,BNB,14.579932503919162
2026-04-10,ETH,19.038096567850154
2026-04-10,HYPE,43.35720898887455
2026-04-10,ZEC,-23.165700632064144
2026-04-11,DOGE,-12.287014581417438
2026-04-11,VVV,12.287014581417438
2026-04-12,AAVE,-10.570855902796167
2026-04-12,ASTER,13.890051137471374
2026-04-12,BTC,-29.7425126350853
2026-04-12,DOGE,-12.195037661525836
2026-04-12,ETH,-20.818020307068487
2026-04-12,SOL,-12.397141488549527
2026-04-12,TRUMP,-11.460957485393399
2026-04-12,ZRO,11.243902834842746
2026-04-13,BTC,52.34584896733287
2026-04-13,ETH,34.26063152616848
2026-04-13,TAO,-21.800331566618762
2026-04-13,ZEC,26.62465954670339
2026-04-14,TRUMP,24.27823388786695
2026-04-14,XRP,-10.699144079154381
2026-04-15,WLD,-19.187852168035498
2026-04-15,ZRO,-19.187852168035498
2026-04-16,AAVE,31.070940666530593
2026-04-16,AVAX,-18.342654503153693
2026-04-16,FARTCOIN,18.342654503153693
2026-04-16,SOL,16.4206292861897
2026-04-16,ZEC,-23.49909478697598
2026-04-17,DOGE,26.495907859431124
2026-04-17,ENA,21.758148792739565
2026-04-17,FARTCOIN,-17.585239353654632
2026-04-17,XPL,-19.69784953697149
2026-04-17,XRP,28.660529781207178
2026-04-18,AAVE,-21.397993503472808
2026-04-18,NEAR,-14.103347252357645
2026-04-18,SOL,-11.726103584910607
2026-04-18,VVV,13.06249641413116
2026-04-19,AVAX,16.955988714931426
2026-04-19,BTC,-28.780171803073422
2026-04-19,ETH,-26.727661708354955
2026-04-19,HYPE,-24.40423952279417
2026-04-19,ZEC,-12.345975903558449
2026-04-20,FARTCOIN,21.509915868426724
2026-04-21,BTC,35.762826623964116
2026-04-21,FARTCOIN,-21.40545740682584
2026-04-21,HYPE,-31.21925967123667
2026-04-21,NEAR,26.082770537156936
2026-04-21,SOL,21.371899601704424
2026-04-21,XPL,-26.082770537156936
2026-04-21,ZEC,10.0
2026-04-22,ETH,28.964673853967664
2026-04-22,ZRO,-10.99406036572286
2026-04-23,PUMP,-21.799910814947474
2026-04-23,ZEC,27.599863242115397
2026-04-24,ENA,-18.891295107808197
2026-04-24,ETH,-16.903625944674303
2026-04-25,HYPE,15.103458957104252
2026-04-25,TAO,20.662175059731666
2026-04-26,DOGE,23.203867253704274
2026-04-26,WLD,-11.513269183647168
2026-04-27,ETH,-13.497863436105092
2026-04-27,kPEPE,23.046160725834653
2026-04-27,NEAR,-25.661291630770904
2026-04-28,ETH,-27.78503179477759
2026-04-28,HYPE,-25.86744566440683
2026-04-28,PUMP,23.075114511643562
2026-04-28,SOL,-27.061860428366206
2026-04-29,BTC,-24.512028015613758
2026-04-29,HYPE,-9.943478910412828
2026-04-29,PENGU,22.563360917912878
2026-04-29,WLD,26.546124842881547
2026-04-29,XRP,-27.076033101495458
2026-05-01,BTC,53.12869174737688
2026-05-01,ETH,10.0
2026-05-01,HYPE,20.730459123977948
2026-05-01,NEAR,-22.755999839870633
2026-05-02,ETH,-10.09282259118839
2026-05-03,ETH,10.0
2026-05-04,ETH,15.118112070614846
2026-05-05,HYPE,49.94199097264608
2026-05-05,VVV,-30.696059754102752
2026-05-05,TON,24.35358655203606
2026-05-06,kPEPE,-24.549555707949736
2026-05-06,PUMP,-24.66653887575576
2026-05-06,SOL,28.69459557255738
2026-05-06,VVV,24.66653887575576
2026-05-06,ZRO,25.061919815482316
2026-05-07,DOGE,-25.232734469839052
2026-05-07,ETH,-45.724871139363174
2026-05-07,FARTCOIN,24.614008723356946
2026-05-07,PUMP,25.463457824049406
2026-05-07,SOL,-10.0
2026-05-07,SUI,-21.09772176287738
2026-05-08,ETH,11.246932927008448
2026-05-08,NEAR,28.29692933238517
2026-05-08,SOL,34.0778121647451
2026-05-09,AAVE,-16.83148078202652
2026-05-09,ETH,10.083232183110802
2026-05-09,SOL,33.583656900507776
2026-05-09,SUI,23.322745228090174
2026-05-10,ETH,81.52057477950555
2026-05-10,HYPE,-25.154560093850307
2026-05-11,ETH,-28.6338426070434
2026-05-11,HYPE,-28.602371544374275
2026-05-11,PENGU,-23.806919048800015
2026-05-11,SUI,29.412731629533017
2026-05-12,ETH,-69.7493366030298
2026-05-12,FARTCOIN,-23.424566437543046
2026-05-12,HYPE,-44.15540212404065
2026-05-13,AAVE,15.716047793188604
2026-05-13,BTC,-36.48906518309859
2026-05-13,DOGE,25.993362832436148
2026-05-13,PUMP,-21.66113569369679
2026-05-13,SOL,-30.79208629122749
2026-05-14,ETH,19.467074903652016
2026-05-14,FARTCOIN,-21.6601049228809
2026-05-14,HYPE,62.23007749684058
2026-05-14,XRP,29.373093710252213
2026-05-15,ETH,-24.21606737883347
2026-05-15,HYPE,21.08316622612636
2026-05-15,MON,-24.21606737883347
2026-05-15,NEAR,24.21606737883347
2026-05-15,SOL,-24.965420969610268
2026-05-15,ZEC,-18.740977218209466
2026-05-16,BTC,-38.140156936262265
2026-05-16,HYPE,-27.9328950876245
2026-05-17,BTC,-15.239613055560259
2026-05-17,HYPE,25.162607461791076
2026-05-17,MON,23.839660708886647
2026-05-18,AAVE,20.08227419307216
2026-05-18,FARTCOIN,-17.746121203569604
2026-05-18,PUMP,-16.371945099186625
2026-05-18,XPL,-14.985500652534427
2026-05-19,BTC,-19.699842817486907
2026-05-19,DOGE,-23.754942915225296
2026-05-19,kPEPE,-36.638365762164646
2026-05-19,ONDO,20.936209006951227
2026-05-19,VVV,-12.107493705387167
2026-05-19,XPL,35.38970363320458
2026-05-20,AAVE,-25.000375566872556
2026-05-20,BTC,10.0
2026-05-20,FARTCOIN,11.730587123226847
2026-05-20,kPEPE,12.371561424210917
2026-05-20,MON,-25.000375566872556
2026-05-20,PUMP,11.967722147776229
2026-05-21,XRP,-21.731645972693517
2026-05-21,TON,-25.817967300137106
2026-05-22,BTC,-9.737789070460321
2026-05-23,NEAR,-12.971720238575138
2026-05-24,BTC,10.936008157002318
2026-05-25,MON,24.38060822186139
2026-05-25,PUMP,25.602103804012184
2026-05-25,SUI,-23.753019384761156
2026-05-26,BTC,-10.776827930500993
2026-05-26,WLD,24.06598268573855
2026-05-27,ZEC,-15.501528902599095
2026-05-29,FARTCOIN,-14.33577810940627
2026-05-29,XRP,21.038284890522792
2026-05-31,ONDO,-20.64780175648261
2026-06-01,BTC,-27.68957408930962
2026-06-03,FARTCOIN,14.268113820038543
2026-06-03,SOL,-17.721944495175496
2026-06-03,XRP,-17.721944495175496
2026-06-04,AAVE,20.228399545209093
2026-06-04,HYPE,-26.283238988554388
2026-06-04,kPEPE,19.837619870352487
2026-06-04,ZEC,-21.617089083213003
2026-06-06,HYPE,-13.262750826987297
2026-06-08,ONDO,18.903935405383223
2026-06-08,WLD,-12.96496061571587
2026-06-10,VVV,-16.43863184158119
2026-06-10,XMR,14.859577836445046
2026-06-10,TON,14.859577836445046
2026-06-12,HYPE,-11.638644949046517
2026-06-12,XPL,12.607946737492357
2026-06-13,BTC,10.175378946371094
2026-06-13,SUI,-14.806153168456472
2026-06-13,TAO,12.690988430105545
2026-06-13,TON,-16.086215931543933
2026-06-14,DOGE,-14.866538143441144
2026-06-14,FARTCOIN,15.698902722297426
2026-06-14,NEAR,-10.341888920328268
2026-06-15,FARTCOIN,-15.15677218251881
2026-06-15,HYPE,16.13354917859452
2026-06-15,SOL,18.305893359072567
2026-06-15,ZEC,10.0
2026-06-16,BNB,-13.151422925724912
2026-06-16,ONDO,-19.166980065898347
2026-06-16,WLD,-10.36208494527913
2026-06-16,ZEC,-9.741771371309643
2026-06-17,ASTER,18.533811787838722
2026-06-17,NEAR,-12.519592585131985
2026-06-17,XMR,-14.952558121467947
2026-06-18,ASTER,-16.487901715211063
2026-06-18,NEAR,18.241582896192263
2026-06-18,XMR,-11.400989310120163
2026-06-20,ETH,18.957435016803704
2026-06-20,TAO,-11.179593481130656
2026-06-20,ZEC,18.120593465467422
2026-06-21,XLM,17.81304886693254
2026-06-21,XMR,11.428088677968075
2026-06-21,ZEC,-16.714088058830963
2026-06-22,ENA,17.537113023821313
2026-06-22,FARTCOIN,15.28410038691458
2026-06-22,NEAR,-16.852874104407935
2026-06-24,XLM,-15.759233138679145
2026-06-25,ETH,-14.575284686906878
2026-06-25,VVV,17.490341624288256
2026-06-26,AAVE,14.412854828638842
2026-06-26,ASTER,14.412854828638842
2026-06-26,ENA,-15.312038201081375
2026-06-27,ASTER,-14.209451289416963
2026-06-28,FARTCOIN,17.12286175669943
2026-06-28,VVV,-17.11962103730948
2026-06-29,SOL,28.2875894163844
2026-06-29,WLD,-9.552261261952287
2026-06-30,SOL,-10.6549299795374
2026-07-01,ENA,-14.126822621537174
2026-07-01,SOL,15.441439064449561
2026-07-01,SUI,13.788581922085047
2026-07-02,ETH,15.828502385953449
2026-07-02,PUMP,14.261741737449404
2026-07-02,WLD,-14.261741737449404
2026-07-03,ADA,14.38371679619058
2026-07-03,VVV,-14.38371679619058
2026-07-03,XPL,-16.33743658845695
2026-07-03,XRP,16.751991351779097
2026-07-04,BNB,12.508935232890948
2026-07-04,PUMP,-14.542484685036992
2026-07-05,HYPE,24.575405909296492
2026-07-06,BTC,14.72043297146089
2026-07-06,ETH,10.0
2026-07-07,ADA,-13.945544757482901
2026-07-07,ETH,-9.842257276160852
2026-07-07,VVV,-10.413470504810475
2026-07-07,ZEC,31.290367039087798
2026-07-08,SUI,-14.163650346287712
2026-07-08,TAO,-14.163650346287712
2026-07-08,UNI,14.163650346287712
2026-07-08,ZEC,-10.19494509472418
2026-07-09,FARTCOIN,-18.804927335202084
2026-07-09,LIT,14.279469680320188
2026-07-10,ENA,16.068012569447827
2026-07-10,ETH,11.388189961790832
2026-07-11,SOL,-11.047996057534572
2026-07-11,XRP,-14.413873390712462
2026-07-12,SOL,-12.070139165112934
2026-07-12,WLD,14.767159580702073
2026-07-12,ZEC,21.34593548523984
2026-07-13,ETH,-11.263309726751991
2026-07-13,HYPE,-50.781474858847915
2026-07-13,SOL,-9.746583624803337
2026-07-14,BTC,10.996608164105426
2026-07-14,ETH,32.657771534117046
2026-07-14,HYPE,12.296845065554136
2026-07-14,SOL,18.488810270056533
2026-07-14,SUI,15.19174881417698
2026-07-15,ETH,24.990307449991967
2026-07-15,HYPE,10.358601394339763
2026-07-15,XPL,-17.30414358299913
2026-07-16,BTC,-10.796131538344428
2026-07-16,DOGE,12.107217930142518
2026-07-16,ETH,-25.249495445824717
2026-07-16,FARTCOIN,-14.157914835147357
2026-07-16,HYPE,-34.94781128089273
2026-07-16,PUMP,14.157914835147357
2026-07-16,SOL,-17.880100724247328
2026-07-16,ZEC,-17.160113517870247
2026-07-17,TAO,13.481614829514921
2026-07-18,BTC,10.0
2026-07-18,VVV,24.782826670763615
2026-07-19,DOGE,-14.360186793757304
2026-07-19,LIT,-13.167819363052502
2026-07-19,WLD,-14.360186793757304
2026-07-20,AAVE,-13.60921190683849
2026-07-20,BTC,13.005763655982292
2026-07-20,ETH,36.16350619215713
2026-07-20,SOL,10.0
2026-07-21,BTC,17.516691963131596
2026-07-21,ENA,21.51509499620303
2026-07-21,XRP,15.025187794824216
2026-07-22,AAVE,17.525535005086773
2026-07-22,BTC,-16.689208974332626
2026-07-22,NEAR,-14.604612504238974
2026-07-22,ZEC,-15.800447504824014
2026-07-23,BTC,-23.712208261520626
2026-07-23,ETH,-28.8022870924315
2026-07-23,SOL,-9.746825682414025
2026-07-23,ZEC,-9.792770242738227
2026-07-26,BTC,42.54664146973424
2026-07-26,ETH,55.17711713132626
2026-07-26,ONDO,14.81946150716458
2026-07-26,SOL,10.0
2026-07-26,SUI,-12.70239557756964
2026-07-27,BTC,-41.48567666240831
2026-07-27,ETH,-42.388089572566734
2026-07-27,SOL,-9.66314829293719
2026-07-28,ENA,-20.665749728721984
2026-07-28,XPL,15.724132993936566
2026-07-30,BTC,14.680611811385425
2026-07-30,KAITO,15.079193224520742
2026-07-31,BTC,-14.250309417432781
2026-07-31,ETH,-24.46274750229065
2026-07-31,FARTCOIN,12.921592806725634
2026-07-31,XPL,-15.523265177929218
2026-08-01,kBONK,-15.9760126084162
2026-08-01,XPL,15.873314069191755
2026-08-02,kPEPE,15.02798644582808
2026-08-03,ENA,16.629993543961987
2026-08-03,HYPE,-10.69694454989393
2026-08-03,KAITO,-12.614989267730936
2026-08-03,kBONK,16.3320560238446
2026-08-03,SUI,-11.138734144598915
2026-08-03,WLD,-10.380530943925676
2026-08-04,AAVE,-16.265838292776056
2026-08-04,DOGE,-10.197899164232378
2026-08-04,NEAR,-10.557787601485703
2026-08-04,ONDO,-13.685752208735208
2026-08-04,ZEC,27.386022277709024
2026-08-05,ETH,33.12866166538058
2026-08-05,HYPE,24.55609113221537
2026-08-05,XRP,-26.84404226588093
2026-08-06,LIT,19.30583520183052
2026-08-07,ADA,19.557537453055083
2026-08-07,BTC,16.61099871710352
2026-08-07,UNI,-17.176421329869342
2026-08-08,kPEPE,-14.754092607578805
2026-08-08,SOL,11.799622208416094
2026-08-09,ADA,-18.944689794111646
2026-08-09,ENA,-15.49905946996354
2026-08-09,SOL,31.725975578746855
2026-08-09,XMR,24.321386695242204
2026-08-10,BTC,-16.372144408664628
2026-08-10,ETH,-32.035724329764875
2026-08-10,KAITO,-24.992062961961818
2026-08-10,UNI,24.992062961961818
2026-08-10,ZEC,-15.857025662312507
2026-08-11,DOGE,24.71925185469825
2026-08-11,HYPE,-25.123411959388992
2026-08-11,ZEC,-10.64586565982243
2026-08-12,ONDO,-24.99432590633233
2026-08-12,UNI,-22.65181118246056
2026-08-12,WLD,23.703264309915458
2026-08-13,FARTCOIN,25.03018093861536
2026-08-13,HYPE,26.504346334391943
2026-08-13,KAITO,-21.13471635527984
2026-08-13,SUI,23.22168539644221
2026-08-13,ZEC,10.0
2026-08-14,UNI,-30.210853497822097
2026-08-15,ETH,24.94430097664986
2026-08-15,HYPE,10.0
2026-08-15,ZEC,-9.93926547915053
2026-08-16,kPEPE,-30.85475353329444
2026-08-16,ONDO,25.005672865824938
2026-08-16,SOL,-16.882442686426312
2026-08-17,BTC,45.712605851988684
2026-08-17,ETH,70.80386972687602
2026-08-17,HYPE,20.79432033342121
2026-08-17,SOL,47.73290248072658
2026-08-17,ZEC,40.82250345696691
2026-08-18,HYPE,-13.093411723548527
2026-08-18,kPEPE,31.034769598249483
2026-08-18,SUI,-31.60523048496473
2026-08-19,ETH,-68.02750529934607
2026-08-19,HYPE,15.906153238070278
2026-08-19,LINK,24.875840180609078
2026-08-19,ONDO,-29.021813544043926
2026-08-20,BTC,54.058358089420075
2026-08-20,LIT,-21.729416582832464
2026-08-20,WLD,-30.3480880432274
2026-08-20,XMR,-25.310949871553238
2026-08-20,XRP,32.076784252700946
2026-08-21,ONDO,33.25222798626621
2026-08-21,ZEC,-34.94940964422991
2026-08-22,ENA,28.104463640644624
2026-08-22,ETH,-49.503615394969145
2026-08-22,FARTCOIN,-31.933513087480776
2026-08-22,LIT,28.104463640644624
2026-08-22,PUMP,-13.368131907686262
2026-08-22,ZEC,26.7778576968264
2026-08-23,LINK,-27.262939579696546
2026-08-23,SUI,41.30837357987266
2026-08-23,XMR,-40.00116596275172
2026-08-24,HYPE,-12.088433106740702
2026-08-25,LIT,-28.935206804371095
2026-08-25,SUI,-39.98963331982654
2026-08-25,XMR,41.65548487342878
2026-08-26,FARTCOIN,34.096321126303856
2026-08-27,FARTCOIN,-33.607637045457714
2026-08-27,KAITO,27.757115684115103
2026-08-27,LIT,34.87955308279733
2026-08-27,NEAR,-25.468421500460003
2026-08-28,DOGE,-41.3266537711022
2026-08-28,SOL,-34.66130097253139
2026-08-28,XMR,29.519038407930136
2026-08-29,kPEPE,-54.07868874038065
2026-08-29,UNI,44.253116764968574
2026-08-29,WLD,30.88483488492167
2026-08-30,PUMP,-25.29458264498976
2026-08-31,FARTCOIN,-43.961290052997356
2026-08-31,UNI,31.40092146642668
2026-09-01,BTC,-57.265096710253296
2026-09-01,kPEPE,14.84441892386527
2026-09-01,NEAR,14.671358856262195
2026-09-01,TAO,-36.51407333531525
2026-09-03,SOL,-27.583978910392226
2026-09-04,ENA,-28.81950887717215
2026-09-04,NEAR,42.100809766448606
2026-09-04,XMR,23.069168130515862
2026-09-06,LINK,47.75137312525183
2026-09-06,PUMP,-39.79281093770985
2026-09-06,TAO,44.1755750238284
2026-09-06,TRUMP,-39.79281093770985
2026-09-07,ARB,37.39960274450487
2026-09-07,DOGE,43.8967494610784
2026-09-07,SUI,43.22547118207627
2026-09-07,XMR,-18.02837765795077
2026-09-07,XRP,-44.87952329340585
2026-09-08,AAVE,-37.86831180277338
2026-09-09,BTC,-29.52830921158405
2026-09-09,NEAR,32.719124033260854
2026-09-09,SOL,-13.998124492803946
2026-09-09,ZEC,-25.39410001059857
2026-09-10,AAVE,35.43429828214799
2026-09-10,BTC,-25.442547905874843
2026-09-10,DOGE,-45.342282298638075
2026-09-10,HYPE,-29.59808136115708
2026-09-10,kPEPE,33.93895877942803
2026-09-10,LINK,-41.25095982024472
2026-09-10,SOL,-12.459603168633985
2026-09-10,VVV,32.38734449902719
2026-09-11,BTC,12.712615605421702
2026-09-11,ENA,-39.48265362196036
2026-09-11,ETH,23.986602395506786
2026-09-11,SOL,13.50640115691972
2026-09-12,ARB,-31.00450900166943
2026-09-12,TAO,-40.79713356982503
2026-09-12,XRP,43.90234415852579
2026-09-13,SOL,-14.03719342156856
2026-09-14,BTC,18.875805504291904
2026-09-14,ENA,40.26504564611783
2026-09-14,ETH,41.86682575675874
2026-09-14,HYPE,10.582776138271086
2026-09-14,SOL,10.439029345168667
2026-09-14,XMR,-37.06490653056732
2026-09-15,ARB,34.782743409635195
2026-09-15,BTC,-30.7080393959453
2026-09-15,ETH,-51.081279378196946
2026-09-15,HYPE,-10.131590375234074
2026-09-15,SOL,-19.616315551005997
2026-09-16,BTC,10.0
2026-09-16,ETH,-26.214439298825628
2026-09-16,SOL,10.0
2026-09-17,ETH,13.216895944664895
2026-09-17,HYPE,30.46579366538364
2026-09-17,PUMP,40.41565493499573
2026-09-17,SOL,13.25663478883678
2026-09-17,XRP,-45.42465847458431
2026-09-18,BTC,62.015007275901965
2026-09-18,ETH,25.94644665514606
2026-09-18,LIT,-44.874806353136385
2026-09-18,SOL,19.666907199880736
2026-09-19,TAO,46.26677805074878
2026-09-19,VVV,-34.69727086172854
2026-09-20,ENA,39.915156041863035
2026-09-21,ARB,-17.044805914030633
2026-09-21,DOGE,20.00172644627611
2026-09-21,FARTCOIN,14.079288417791176
2026-09-21,NEAR,-21.48746218502933
2026-09-21,PUMP,-34.73381627061119
2026-09-21,UNI,-19.230296913232593
2026-09-21,XRP,19.165251909361977
2026-09-23,BTC,-26.179630952686665
2026-09-23,ETH,-18.212437998678233
2026-09-23,TRUMP,33.51126196139055
2026-09-23,XPL,-34.9309567613615
2026-09-23,ZEC,-52.34645487918004
2026-09-24,SUI,34.99169792965262
2026-09-25,ETH,-24.435591470373044
2026-09-25,XMR,-29.485515772548904
2026-09-25,XPL,44.53304253813685
2026-09-26,FARTCOIN,34.19488005952991
2026-09-26,kPEPE,-29.53913847963838
2026-09-27,ENA,-14.585540224723921
2026-09-27,PUMP,40.91364672021811
2026-09-28,ETH,31.653012683965404
2026-09-28,HYPE,-13.957701441153457
2026-09-28,XPL,-32.85393363647574
2026-09-29,ARB,-31.293347487518854
2026-09-29,HYPE,-27.061181129229993
2026-09-29,LIT,-23.46829306614186
2026-09-29,PUMP,32.855610292598605
2026-09-29,XRP,10.192725055789936
2026-09-30,HYPE,10.571803873247623
2026-09-30,kPEPE,28.93726500786919
