,duet,rs,tr,btc,ew20
2025-01-01,-0.011344778620836049,-0.011229520319918732,-0.00011525830091731707,0.01089510788293091,0.03674749179798258
2025-01-02,-0.0007689256221747739,-0.0007368300297412832,-3.209559243349067e-05,0.024830938292476734,0.037051574224334874
2025-01-03,0.0048143358878096785,0.003769754565191864,0.0010445813226178148,0.01186720280441289,0.07266554552878104
2025-01-04,0.005368932478735947,0.004800210844469624,0.0005686817392364534,0.0012634882465025754,0.0022189901345117057
2025-01-05,-0.0004439454294125002,0.0016980031232278153,-0.0021421386574162244,0.0011906579148222018,-0.00860777980484485
2025-01-06,-0.004292137284422266,-0.007055975962673531,0.0027635051769607697,0.03928564168242166,0.001619165379339843
2025-01-07,-0.010644998908530259,0.011260290379236992,-0.02190528928776725,-0.05120932643500542,-0.0988870333851013
2025-01-08,0.011963145728536738,0.012478785917665382,-0.000516191964113672,-0.01928647266804795,-0.03465674632361638
2025-01-09,0.007220260016397296,0.009117241067904822,-0.0019053662533940145,-0.027338658818583106,-0.04963192821657113
2025-01-10,0.0020730866688322956,-0.0001689069041643214,0.002241993572996617,0.024087141637579856,0.027148007083332416
2025-01-11,-0.002984686525858418,-0.0010074288450337635,-0.0019775899399460508,-0.001530052338342025,0.011625903590709013
2025-01-12,-0.005091051221765903,-0.0026503444295849967,-0.002453925837636568,-0.0005389810088456404,-0.014749180269586321
2025-01-13,0.004824745792265667,0.004728371267934606,9.626293013263164e-05,-0.0006450112083914439,-0.02393799381720325
2025-01-14,0.0013823139267072466,0.0028350413961142364,-0.001465679988230565,0.02129910804033397,0.03222552236062801
2025-01-15,0.018977867663433057,0.0002773460640244536,0.01869924418302394,0.04109858687994694,0.09409828036906707
2025-01-16,0.006455290428657805,0.005843205328459008,0.0006007260678103987,-0.004418306116965698,-0.011907546052750888
2025-01-17,-0.017288130756976994,-0.02441898645698522,0.007117612075258153,0.04041100682679133,0.07238983204872239
2025-01-18,0.01627558455497419,0.003647681385659841,0.012626991022115928,0.0050148909597462765,-0.03578520894324383
2025-01-19,-0.01953112249659868,0.005458611082056059,-0.024989733578654735,-0.03103850418690013,-0.0665379342861708
2025-01-20,0.01649100506095708,0.016276705345595936,0.00020583241169002352,0.009224091155724423,-0.0035636942959756477
2025-01-21,-0.006273197113553156,-0.01433774176675004,0.008032809270224038,0.03868035190615826,0.05327033692795642
2025-01-22,-0.020061345602104607,-0.01578022055581346,-0.004282902884636613,-0.023894896336241422,-0.013073849519986597
2025-01-23,-0.005001972668533852,-0.0023529888541533994,-0.002668452907964925,0.0018511733739563496,-0.007798269004887384
2025-01-24,0.02623384358306806,0.025260250862353343,0.0009696173407215418,0.008950052930420505,-0.019677372002899103
2025-01-25,0.002222779866070552,0.0013786621398037186,0.0008441177262668335,-0.0007058374666157885,0.0012305514422213365
2025-01-26,-0.006591608053900228,0.005184316126400591,-0.011775924180300818,-0.02077009716892886,-0.038605750832080156
2025-01-27,0.0054563517259806765,0.006643417052035245,-0.001209133195159495,-0.004493615362121117,-0.016813235012025928
2025-01-28,0.02390324750686812,0.02636481990289125,-0.00246453928320214,-0.007999686670779105,-0.06736847098125358
2025-01-29,-0.01035039659374903,-0.013384597850552888,0.003014372458615445,0.02349178774478844,0.037433733127556976
2025-01-30,0.007359408256289247,0.003302112509681621,0.0040572957466076245,0.009258187709755727,0.046144477231503174
2025-01-31,-0.015294533977217412,-0.0066631353916112215,-0.00863767941282119,-0.020563391048427193,-0.0004004335720235175
2025-02-01,0.009528550643630982,0.01909358946835374,-0.00957635070445793,-0.018409756097561014,-0.11534298285649633
2025-02-02,-0.015172070122483347,-0.008762312143611147,-0.006409757978872204,-0.028395932931132184,-0.07003697060402493
2025-02-03,0.007114431010635518,0.007167067665113036,-5.263665447751826e-05,0.03693890912066777,0.050182503754277866
2025-02-04,0.005016429409202553,0.007723519879637448,-0.002722393099054874,-0.03514950624956836,-0.06260362119496583
2025-02-05,0.0029798015046654603,0.0029798015046654603,0.0,-0.011870680135781742,-0.03575473219453884
2025-02-06,0.013791138556298314,0.013791138556298314,0.0,-0.0006311890152416177,-0.0429281588617248
2025-02-07,-0.0011080486841733705,-0.0011080486841733705,0.0,-0.0008076039013480418,-0.007287189247353937
2025-02-08,-0.014879077612367012,-0.014879077612367012,0.0,-0.0009118793003398684,0.03609441493241748
2025-02-09,0.00953140325838007,0.00953140325838007,0.0,0.0006534185197477616,-0.013225962656736218
2025-02-10,0.0025789993882714365,0.0025789993882714365,0.0,0.009877797240850361,0.02881104360609122
2025-02-11,0.0015140971499770653,0.0015140971499770653,0.0,-0.01691436078495767,-0.012937727460945675
2025-02-12,0.01075805453950975,0.01075805453950975,0.0,0.022508978535037194,0.0475711430853303
2025-02-13,0.002889813380518402,0.002889813380518402,0.0,-0.012926281396773542,-0.017438981909091166
2025-02-14,-0.014134492672396276,-0.014131881353105903,-2.761605312046196e-05,0.008544179407079522,0.04976584552980577
2025-02-15,0.006832942830791273,0.006522937013467842,0.0003098825439472654,0.0005948717948718318,-0.0270684277477512
2025-02-16,-0.0016464345840620847,-0.0010406671500764158,-0.0006059425888801993,-0.014975706759056129,-0.02200549135856974
2025-02-17,-0.006655675514829132,-0.0055721936275506204,-0.0010834818872785118,-0.0033715932859506026,-0.01459940910111846
2025-02-18,0.005743220877125858,0.006528536928108425,-0.0008082877014840389,-0.0007204535725100492,-0.045393742322059435
2025-02-19,0.012619502692680758,0.012631936078630297,-3.626638650182279e-05,0.010051826464933633,0.004093369720526402
2025-02-20,-0.01699590856911662,-0.016065338993974203,-0.0009327788769999389,0.016603562783191528,0.035533095909736634
2025-02-21,-0.015491137880675738,-0.013003961135564365,-0.0024871767451113726,-0.020056781756571107,-0.034215352950272296
2025-02-22,-0.007688247026165402,-0.0077031237917304365,1.4813083518210895e-05,0.0023260643821392257,0.0325730820670854
2025-02-23,0.009068229233780674,0.009074278355173864,-6.049121393190949e-06,-0.002496788363515856,-0.011507231955088553
2025-02-24,0.008287856539982964,0.010784355923159817,-0.0024964993831768545,-0.048959837146744456,-0.12581637759573447
2025-02-25,0.0012075222376178878,0.0012075222376178878,0.0,-0.03147353361945637,0.022991093937637753
2025-02-26,0.010712691709941735,0.010712691709941735,0.0,-0.04968033646419434,0.0038782511021273115
2025-02-27,-0.019377185641906977,-0.019377185641906977,0.0,0.005351146759056125,-0.02011359468870714
2025-02-28,0.013635584655431923,0.013635584655431923,0.0,-0.005086626068073419,0.006961315300569015
2025-03-01,-0.007802103182761369,-0.007802103182761369,0.0,0.020616600040331612,-0.007504229429638598
2025-03-02,-0.028449518506781842,-0.02839638612887282,-5.3132377909020184e-05,0.09485233440648999,0.13443533165523205
2025-03-03,-0.007295073526957106,0.005145336944594505,-0.012440410471551616,-0.08519108280254772,-0.16580401714975562
2025-03-04,-0.008962648665687214,-0.008962648665687214,0.0,0.012428198433420468,-0.0015625458532058268
2025-03-05,-0.0034890575598180394,-0.0034890575598180394,0.0,0.0381564770877747,0.033340629669047175
2025-03-06,-0.012694534602376685,-0.012692104485267053,-3.3303209659410488e-06,-0.007474468672371004,-0.018640724471139077
2025-03-07,-0.017780317923839113,-0.017394386210053202,-0.0003925923557177942,-0.03501746423724661,-0.02963132962073211
2025-03-08,0.0013186044689576294,0.0013186044689576294,0.0,-0.006144092219020125,-0.00986992708914311
2025-03-09,0.004247568019233522,0.004247568019233522,0.0,-0.06383891807880115,-0.0968362270292604
2025-03-10,0.002451468107699849,0.002451468107699849,0.0,-0.026711929924547517,-0.05873294991461046
2025-03-11,-0.010318099745269692,-0.010318099745269692,0.0,0.05529742734574894,0.05137162575997241
2025-03-12,-0.0013084239788456054,-0.0013084239788456054,0.0,0.008902184533359003,0.027102640090521442
2025-03-13,-0.003803485744697134,-0.003803485744697134,0.0,-0.03042838867035713,-0.026431413566304858
2025-03-14,-0.006816118939218434,-0.006816118939218434,0.0,0.034663476952672134,0.044252946702832544
2025-03-15,0.004041999105126353,0.004041999105126353,0.0,0.004731541624456215,0.020443943273661457
2025-03-16,-0.0005926885048878987,-0.0005926885048878987,0.0,-0.020829873549856437,-0.05128234020403526
2025-03-17,-0.005374654918142659,-0.005374654918142659,0.0,0.017020812637801974,0.044306796859755235
2025-03-18,-0.0012333918491303844,-0.0012333918491303844,0.0,-0.01486581458231584,-0.01594430633195449
2025-03-19,-0.005466088406055792,-0.005466088406055792,0.0,0.04957498518796166,0.057409535774572695
2025-03-20,0.003296492812418658,0.003296492812418658,0.0,-0.030229369952651353,-0.03170834072187276
2025-03-21,-0.004805742321494546,-0.004805742321494546,0.0,-0.0015086898157498085,-0.01785431937468026
2025-03-22,-0.0003212564025876395,-0.0003212564025876395,0.0,-0.0029505544186931854,0.006821687407654814
2025-03-23,0.002762564938602255,0.002762564938602255,0.0,0.02663357357644025,0.02506551562361229
2025-03-24,0.0014191903042095307,0.0014191903042095307,0.0,0.01669068761913617,0.04948072502513061
2025-03-25,0.0012915853662788797,0.0012915853662788797,0.0,-0.0012003841229193402,0.013480433789057101
2025-03-26,-0.0005744008898857817,-0.0005636601960293908,-1.074069385639089e-05,-0.005665754804445644,-0.011329067378405777
2025-03-27,-0.0008359411733268306,-0.0008704519014556958,3.451072812886532e-05,0.003637535684685611,0.014419007547020584
2025-03-28,-0.006604954064087061,-0.004247071410560669,-0.002358189943718815,-0.0322177363857411,-0.06960433888392839
2025-03-29,-0.009763464636435466,-0.009763464636435466,0.0,-0.02085827042273547,-0.05472865370419231
2025-03-30,-0.002341780518946342,-0.002341780518946342,0.0,-0.003485880971689337,-0.00492216357564409
2025-03-31,0.003989394069351848,0.003989394069351848,0.0,0.002295611616523585,-0.010781575799282106
2025-04-01,0.006053001863100029,0.006053001863100029,0.0,0.03155598642753277,0.041587307427421595
2025-04-02,-0.0028543188840122287,-0.0028543188840122287,0.0,-0.03101358018890088,-0.07447239348694383
2025-04-03,-0.012151197292423309,-0.012151197292423309,0.0,0.008122787449687197,0.000880758498041051
2025-04-04,0.005670510141374682,0.005670510141374682,0.0,0.008634581619645587,0.014802528751652205
2025-04-05,-0.0005953841392848283,-0.0005953841392848283,0.0,-0.004399561236169358,-0.010241567858681865
2025-04-06,0.009790488096656922,0.009790488096656922,0.0,-0.06139899165299445,-0.11995675773582701
2025-04-07,0.007007849295236991,0.007007849295236991,0.0,0.010258242319077349,0.026223267065784494
2025-04-08,0.0014780616543216456,0.0014780616543216456,0.0,-0.03652437484213189,-0.04387294003732887
2025-04-09,0.007734677228203575,0.007734677228203575,0.0,0.08311923238255026,0.14592279868746352
2025-04-10,0.012001186156118709,0.012001186156118709,0.0,-0.03657311597623114,-0.03531641979241764
2025-04-11,0.027553150128987496,0.027553150128987496,0.0,0.04760887861620211,0.06261252552750236
2025-04-12,0.013285124409431462,0.01328744308622065,-2.3186767891884253e-06,0.02314231926807908,0.0715365237398314
2025-04-13,-0.004927240345159188,-0.004862012646318149,-6.522769884103947e-05,-0.01870451322559097,-0.04680738689435337
2025-04-14,0.04563053358282568,0.04563053358282568,0.0,0.009733551492278947,-0.013764866257029423
2025-04-15,-0.04619764990855587,-0.04619764990855587,0.0,-0.011023584794076613,-0.026635763635960725
2025-04-16,0.01882061192337158,0.01882061192337158,0.0,0.004197861602124098,-0.0009289063325981451
2025-04-17,0.0015300392147598238,0.0015574976241361082,-2.748158399654935e-05,0.011195140832489736,0.007742686649967934
2025-04-18,-0.0059928192056687875,-0.00575793591889696,-0.00023488328677182845,-0.005794711736646807,0.0008439310872919492
2025-04-19,0.00830349339964394,0.00801937318628429,0.00027512034560936915,0.007605463613424401,0.020875231990501803
2025-04-20,0.009989409583482338,0.010192636495077427,-0.0002120289637247677,0.001387337605079031,-0.0028660928158035837
2025-04-21,0.004293079811062177,0.002922180282462141,0.0013708995286000362,0.02722693811419119,0.005178155683573954
2025-04-22,0.014530218023798206,0.007555932650861992,0.006974285372936211,0.06777762538289211,0.12219301642632074
2025-04-23,-0.004583595793569763,-0.008306537993633822,0.003704815102946555,0.0022478645286976295,0.016475052503473066
2025-04-24,0.020236924283150187,0.013160614668288946,0.0070749189340305815,0.003556476418318466,0.030674590929461593
2025-04-25,0.012722626694038492,0.008565817765746761,0.004143618101166536,0.006406640770499683,0.02307653311319377
2025-04-26,-0.004433039650352587,-0.004013221810708566,-0.0004649829638728231,1.0574513308103661e-05,0.0015842442427130067
2025-04-27,-0.004905771716066484,-0.0034872674495735907,-0.0014322374931160654,-0.009284324507232933,-0.015082329344688871
2025-04-28,0.010848268032311145,0.007948860290034,0.002897601901830517,0.013662077062653433,0.010705194012026558
2025-04-29,-0.0023905803595691256,0.001802765085586906,-0.004194485525228465,-0.007644519321891141,-0.024314742768065306
2025-04-30,0.005030590456027835,0.005790925336349912,-0.0007644175862813689,-0.00036076567208520594,0.00663339207626526
2025-05-01,-0.0014550269293779267,-0.009271594628921027,0.007816567699543099,0.024158794183207766,0.0006282893627520992
2025-05-02,0.005282385671496875,0.009500730496394872,-0.004218573700849036,0.004073129780486351,0.0005672692026415293
2025-05-03,-0.021949785593716676,-0.015618853979679765,-0.0063483980067929584,-0.010580208301076643,-0.03851424071591452
2025-05-04,-0.005681674488139798,0.00170898050808996,-0.007421721933081351,-0.01666075489807417,-0.02518238315331528
2025-05-05,0.01779209470557482,0.013098674929673782,0.004693419775901031,0.004551386103949895,0.006139573336919474
2025-05-06,0.001895217221835889,-0.0008489140299610373,0.002741801454462378,0.022442599750755132,0.011196100070808245
2025-05-07,0.013140535060840411,0.012809110686947862,0.00033064043649501547,0.0022931278470421645,-5.291408324399338e-05
2025-05-08,0.0483575082436267,-0.003077180896555992,0.051426900533940334,0.065287067286387,0.15157569809663823
2025-05-09,0.002128818094737395,-0.005610902988686974,0.007739721083424366,-0.003405309186595429,0.04408181762132629
2025-05-10,0.008401420941140231,-0.01967914996378669,0.028038652606896575,0.018463151355129215,0.09942176553756542
2025-05-11,-0.010256881917150195,0.008464328620821807,-0.018721447378930486,-0.006852970891553456,-0.03691346399994069
2025-05-12,0.009010043655736391,0.010595252964733286,-0.0016005333930428091,-0.012898396337776785,0.017115222790727018
2025-05-13,0.02600195841620725,0.0038448534074948097,0.02215710500871244,0.012794711000923664,0.04611690964333488
2025-05-14,-0.026385198548853475,-0.007460839133049341,-0.018937071395656285,-0.006422132839273842,-0.048256908118225125
2025-05-15,-0.022205199750024964,-0.0036048608535346883,-0.018600471377025533,0.0026086452435700735,-0.05614919249339556
2025-05-16,-0.011722025730126378,-0.00779871291461082,-0.003923546324168414,-0.0026307674517210833,-0.01970283742054208
2025-05-17,-0.006846412673602258,-0.0025016806456241592,-0.004367469034136982,-0.0032367462487560283,-0.03039958715778242
2025-05-18,0.03807771972818873,0.019935059235581764,0.018142660492606964,0.03287968671241903,0.08419990409033948
2025-05-19,-0.008006967143129555,0.0037326277650717096,-0.01173960531396947,-0.008568264574495998,-0.031132041701751028
2025-05-20,-0.0011918091331192015,-0.0058473716195786936,0.00465526762791697,0.011690315496530879,0.00760758693678944
2025-05-21,0.013191519634345285,-0.004236000452533186,0.01742737048063941,0.028247160313628727,0.03502153868739138
2025-05-22,0.03363711338555502,0.017723033850266776,0.01591166666252567,0.018217057790476554,0.08518284290720737
2025-05-23,-0.04516483313517153,0.000538256173307113,-0.04571554148015471,-0.04045612561327627,-0.07963807667535683
2025-05-24,0.0029162593191346567,0.0007160040722443345,0.0022002495347103633,0.0034273367358343965,0.004479847783857066
2025-05-25,0.004595058282444698,0.001401255429039332,0.0031937825726803485,0.011694820865045585,0.00686611129240855
2025-05-26,-0.0011139261511163901,-0.0007389341210776705,-0.0003936788158539951,0.004431192660550476,-0.008309840786483192
2025-05-27,-0.00026030603927645326,-0.005271912793130951,0.005010085394430621,-0.004941406428395245,0.013363349736308965
2025-05-28,-0.007131441907419479,-0.001259128289440876,-0.005873166951480493,-0.010317416607001917,-0.0147161655283235
2025-05-29,-0.014431397582348791,-0.003901557248530234,-0.01055464529337942,-0.02078502661893189,-0.04130730094203569
2025-05-30,-0.0049118986125105965,0.0024894973119461068,-0.007477620899409462,-0.01488960663780936,-0.10261437510823432
2025-05-31,-0.007272392572901923,-0.0074402636265735135,0.00015498819486165077,0.00557665496851123,0.015322093081592547
2025-06-01,-0.0024257123414346696,-0.0033115199533985356,0.0008857010630055708,0.01055600707558435,0.01315455772858779
2025-06-02,0.0027861849540809355,0.001035977704458561,0.0017502072496223744,0.0019680383010531877,0.017548832297648594
2025-06-03,-0.0019875655709995768,-0.00043991183867961477,-0.0015601650024729373,-0.005335373051172376,-0.0009343993107432003
2025-06-04,-0.0009602855331578896,-0.0010133266639938223,5.3024179692878015e-05,-0.006294383473208542,-0.03943828797346101
2025-06-05,-0.010116837743545687,0.0019897329222289995,-0.012106870805506102,-0.03018085584079333,-0.07018328363665771
2025-06-06,-0.0071595559844009225,-0.0071846094267156,2.50534423146777e-05,0.026943158309526094,0.034307945079728466
2025-06-07,0.0014272624531894373,-0.00018698776788079595,0.0016142085292041306,0.011808719842678395,0.042738257610434774
2025-06-08,-0.0031136882674438807,-0.002790916891779601,-0.0003227821195804085,0.0017349918464864,0.0021375700387642584
2025-06-09,0.009071872923287384,-0.0013991731175787476,0.010434164976515314,0.044302898948504144,0.07280599330957435
2025-06-10,0.006742502658320916,-0.0034785242799186687,0.010195153189626525,0.0002990755845568849,0.029639432138762228
2025-06-11,-0.007745633024696223,0.004106143954465275,-0.011860234038739557,-0.01544761852989407,-0.04570811631225594
2025-06-12,-0.012483923971336958,0.00736212693742707,-0.019890762582821093,-0.02798431921080724,-0.0622831687522029
2025-06-13,-0.0013750138192835108,0.0002887523278109823,-0.0016698404423943739,0.003824779649142629,-0.024008812812165804
2025-06-14,-0.0018028268975549334,0.00017107764191519678,-0.002042584120885867,-0.006083126632777214,-0.026718528330175108
2025-06-15,-0.0037867162620878014,-0.004259891412229635,0.00046822184959317023,0.0022204087829502672,0.014220909516539698
2025-06-16,0.004407639667049714,0.003325784050039867,0.001081823250661038,0.011569778451050894,-0.00723067074471972
2025-06-17,-0.0034794767348691013,0.0009082535526947875,-0.0043893013554532085,-0.021938937870874753,-0.039604797557678414
2025-06-18,-0.006378420365566698,-0.006714563227150694,0.00030585383238173735,0.0032823594709947557,0.01213117366774134
2025-06-19,-0.0002846977878495198,-7.321076630863325e-05,-0.00021456386777105654,-0.0018885741265344258,-0.008860811444368922
2025-06-20,-0.0032329106829283305,-0.000781675530904629,-0.0024514249988796502,-0.013216364209741704,-0.042572679895690455
2025-06-21,-0.0017399158874390722,-0.0017399158874390722,0.0,-0.011311253147394895,-0.051555674178315705
2025-06-22,0.004343778169121438,0.004360014303732461,-1.623613461102304e-05,-0.011499431884966493,-0.027823030649938567
2025-06-23,-0.009427857842451358,-0.010957533928572707,0.001493908898771898,0.04370875364157034,0.11594691002150545
2025-06-24,0.0035667120947509077,0.0038419698208311545,-0.00027635681034675065,0.006864206438872422,0.007581459689418557
2025-06-25,0.011200558037899037,0.01077797190226524,0.0004221322603735498,0.011588654622260774,-0.03964513096751576
2025-06-26,-0.005189230330292178,-0.00304484539964055,-0.0021729204174443253,-0.0037564899656042927,-0.033335962710373916
2025-06-27,0.007062298780022239,0.0062752163082427535,0.0007870824717794854,0.0013286176762290491,0.02995859559883839
2025-06-28,-0.005206030825261103,-0.006912055995595267,0.0017053656805726806,0.002392076247430319,0.035156680382342695
2025-06-29,-0.004803118284146573,-0.010501657177810474,0.005622536942927809,0.009741228233714816,0.04286662516112655
2025-06-30,0.007685787415488573,0.011348185005130122,-0.003662858866528727,-0.010902779701073673,-0.033583171126518076
2025-07-01,-0.01624252682795857,-0.0009250080738521299,-0.015365014541646679,-0.014187044987866382,-0.05057520705913491
2025-07-02,-0.011998821817667225,-0.018107514209040436,0.006015156186805936,0.0301836773338382,0.07919156947506764
2025-07-03,-0.0021959737633568473,-0.006321946417565047,0.004107894710489978,0.006828542018969097,0.0076639639341243735
2025-07-04,-0.00838339009979558,0.0060948696316921805,-0.014532140440289446,-0.014221686702996728,-0.04952855388105268
2025-07-05,0.004982747319851487,0.004197588631463781,0.0007616220553790088,0.0018334521681961924,0.006194742833772448
2025-07-06,0.012419743591772274,0.006439717817468098,0.005980025774304175,0.00935382795241746,0.030795386629591904
2025-07-07,-0.007271819510999252,0.0014152890746308411,-0.008721143933408164,-0.008415519720154196,-0.0218243706358959
2025-07-08,0.003890417984837768,-0.0017521137041485255,0.005642531688986295,0.005965793653725404,0.014918935324555866
2025-07-09,-0.0027900699715198026,-0.026427639360785512,0.02362948901840076,0.02106857614982105,0.053119877843988285
2025-07-10,0.025472272309613308,-0.025647063379116337,0.051119335688729645,0.043452461227242,0.1039028202211993
2025-07-11,0.02831384322667068,0.018004235315585464,0.010309607911085211,0.013312309362560004,0.011358453170439809
2025-07-12,0.01291949715373149,0.015557934862144076,-0.002644585734768134,-0.0009863693953385821,-0.005802527230055155
2025-07-13,0.03738027163770145,0.023882321162648,0.01344519031295617,0.014010060687565495,0.03691905743715521
2025-07-14,0.004390944446134766,0.0029662023360082323,0.001424329442091969,0.007008973164446486,0.01399352823694997
2025-07-15,0.008728392647658902,0.009562230351835689,-0.0008456252984466368,-0.017813083488930403,0.04066031082028185
2025-07-16,0.041708030164203984,0.01091988295301788,0.030786813487126426,0.0075447038555218615,0.057209659068202724
2025-07-17,0.05228209615429736,0.016815253303647783,0.03541805594867764,0.004700134770889486,0.0050392607569373195
2025-07-18,0.0058584888462306865,0.011472108574040529,-0.005615394047455795,-0.01115880547963577,-0.00911259998101388
2025-07-19,-0.01658723014541975,-0.018856874942861063,0.002264547867205938,-0.0005680517520580963,0.019677710021575433
2025-07-20,-0.0033251461886289334,-0.01806269457606773,0.014725361825884131,-0.004809976247030834,0.03874923569945504
2025-07-21,0.02222704501651563,0.007231084161266135,0.014982281663587513,0.0009973319239982015,0.03164341512021847
2025-07-22,0.013772210379529307,-0.003360720818776917,0.017100724176481837,0.022719918249169746,0.028044437476675472
2025-07-23,-0.042138968998838434,0.006554962035750292,-0.048718576307748895,-0.010599676930506785,-0.07562239641414639
2025-07-24,0.007072827992334271,0.010439336253964255,-0.003382020996416496,-0.0037618346307595196,-0.03616142872963203
2025-07-25,0.015804060580530885,0.015155061028035733,0.0006350555703143003,-0.005507780161854381,0.05079479605420989
2025-07-26,0.01524458753998651,0.015664707622786014,-0.000437906021183043,0.0019876662759288344,0.006222273545334856
2025-07-27,0.006159692552958855,-0.005891418119999058,0.01204351957424576,0.013114615123770879,0.02644891769563874
2025-07-28,0.0034675117672754853,0.01635221343712564,-0.012886205521207299,-0.011622750131791482,-0.05135209931035052
2025-07-29,-0.005568014569295219,-0.004502661217946379,-0.001065610938778274,-0.0010667298802892189,-0.031005329110068043
2025-07-30,0.004328929562559551,0.005493194476367137,-0.0011642649138075864,-0.0006525866160417282,-0.015372486380344875
2025-07-31,-0.009284226328200166,-0.00026421617162135505,-0.009020331182222343,-0.018581181359453858,-0.05053184630768546
2025-08-01,-0.002047410779362563,0.006457376697521835,-0.008519979936964498,-0.02164633092530499,-0.03696580547950712
2025-08-02,-0.007038305935473825,-0.005181254829283623,-0.0018570511061901992,-0.006332859325731577,-0.032013393158512725
2025-08-03,0.012951483220103208,0.011672791711439074,0.0012786915086641336,0.014755293239231193,0.04561085919052328
2025-08-04,0.0015567173721935154,-0.002598749264584471,0.0041553539271027016,0.007568192568455423,0.04078582339440875
2025-08-05,-0.002661369876321091,0.0019421243358911295,-0.004605324332530287,-0.008328551805678708,-0.04023969744563692
2025-08-06,0.009586009605588613,0.008055127086520624,0.001530533289605612,0.007723463197391034,0.018465473567546638
2025-08-07,-0.006006140840356793,-0.013871990072804983,0.007863928518363818,0.02206195791176957,0.0648811918477418
2025-08-08,-0.004989107250388179,-0.006356676310968468,0.0013671288889284137,-0.006690215772226282,0.014254688651563947
2025-08-09,0.010445018981874863,0.0016882011627219796,0.008755440507633872,-0.0013196342727872512,0.040064038504185565
2025-08-10,0.011714698740687342,0.005905827573470671,0.005787578318117941,0.024239564116864676,0.008242582363362349
2025-08-11,0.02606099324802561,0.035560626480909935,-0.009508785957305982,-0.00512691631063078,-0.055116566274309796
2025-08-12,0.01467835724143901,-0.007467164358163731,0.022145521599602737,0.012285488135536093,0.06867163841123218
2025-08-13,0.010992630958724265,-0.012526154686651685,0.023518785645375944,0.026776579019606173,0.028433710473759543
2025-08-14,-0.007839243221443597,0.027128397952687417,-0.034967641174131016,-0.04140607278265662,-0.07458432380988604
2025-08-15,0.005952071813737402,0.008072654667974473,-0.002120582854237071,-0.008265370800760619,-0.01525969517816706
2025-08-16,-0.0037702415817656206,-0.001542422792911908,-0.0022278187888537136,8.521734684308058e-05,0.007862167372447926
2025-08-17,0.005550040349067746,0.004926418808660706,0.0006236215404070379,0.00019598319657121444,0.014706415506614574
2025-08-18,0.0011641770989126827,0.0120469754161463,-0.010900449998643653,-0.010359516101550503,-0.03758675071094142
2025-08-19,-0.011539581272974928,-0.0031361616923109756,-0.008403419580663946,-0.02871801935195073,-0.05322261382324778
2025-08-20,0.007227224887230873,0.00490170661706604,0.0023255182701648366,0.01259439146311192,0.05481188482711724
2025-08-21,-0.005044681951085137,-0.000286929985316413,-0.004757751965768723,-0.015772566937128585,-0.035438085006323054
2025-08-22,0.011974310019892218,0.003550394558793753,0.008422531501557091,0.04016114258272796,0.11625432357525618
2025-08-23,0.009208400251403735,0.01003333146091644,-0.000824931209512706,-0.01255097765960178,-0.012841115059383618
2025-08-24,0.0030776061330291976,0.001633686395420235,0.0014405803581484743,-0.0166240962812243,-0.018854660808287203
2025-08-25,-0.013499612858589406,0.006163586538948135,-0.019689871057351302,-0.030209112920977277,-0.09337912727764001
2025-08-26,0.0068036112627065295,0.002203822972857889,0.004599788289848642,0.015189206856478732,0.04331971336259044
2025-08-27,-0.007042827473765913,-0.00491572042596263,-0.002127496649141325,-0.004865092070078791,-0.013169294635887119
2025-08-28,-0.0014541949883184683,-0.004077051104860669,0.002622078158282855,0.011970558895688876,0.02119359254415379
2025-08-29,-6.250187507230757e-05,0.0059037249098091785,-0.005966226784881485,-0.037964566404688926,-0.040884120411372196
2025-08-30,-0.006228602057676416,-0.005487824187231612,-0.0007411038624391232,0.0043293639804302675,0.006641993460795886
2025-08-31,0.0060511805481696275,0.006386921285011546,-0.0003381143054542224,-0.005257401262879213,-0.014264850963184089
2025-09-01,-0.0040185392777889375,-0.002272617192877217,-0.0017884401499065061,0.009193639295185019,-0.021245040934439748
2025-09-02,0.0005102164274331958,-0.0015616649709239397,0.0020368470121590533,0.0183387962132171,0.0417745992467581
2025-09-03,0.006544362358649057,0.005001330058878573,0.0015430322997704838,0.004000899078444586,0.01591953549098939
2025-09-04,-0.007986568150544236,-0.002869334754690564,-0.005117233395853674,-0.00831915465209998,-0.043185327100519415
2025-09-05,0.006696119773145332,0.0050159529411541995,0.0016692581414333406,-0.000857857523410499,0.020768019661776778
2025-09-06,-0.0008992978353472488,0.0018948337692931462,-0.00282863548349953,-0.004582181009706643,-0.009341085632960943
2025-09-07,-0.0015818946264450132,-0.004152164547247766,0.002541796067518276,0.008743496853975463,0.026408734512767325
2025-09-08,0.0049753181876201966,-0.0026654722308874787,0.007640790418507676,0.00839768861046597,0.03735251431303608
2025-09-09,0.016296416238327,0.010402080442730322,0.005885343033242159,-0.004212969161422775,0.002235547180409797
2025-09-10,0.005044110931307759,-0.0021893283343269346,0.007204251945413696,0.02143183672005944,0.02483292212785229
2025-09-11,-0.005485833645467348,-0.011189591197334089,0.005610054882613894,0.013470347684153339,0.012050337040415087
2025-09-12,-0.0006875809028622169,-0.008242725802659948,0.007494456306855991,0.004623816986899287,0.027744489248401415
2025-09-13,0.0018261302711969649,0.0038921830858509076,-0.0020682894767065094,-0.0009911827827241426,0.006964982133823611
2025-09-14,0.0004898364563866639,0.0071562257045549756,-0.006701816498847952,-0.005452600338199276,-0.03335018138023322
2025-09-15,0.0017805344415824,0.005778089502743825,-0.004002151115690775,0.0008154342621187194,-0.02773309669767538
2025-09-16,0.0036367267804879016,0.0006221879044160034,0.0030145388760718975,0.012056860535667902,0.012719552354038655
2025-09-17,0.011822452250807552,0.001176393622863709,0.010646058627943843,-0.002526528549772644,0.039248686720931625
2025-09-18,0.008390841630812029,0.004635396403967211,0.003755445226844819,0.005529510758504719,0.013129432725913931
2025-09-19,-0.004860316956963316,0.01328895846303884,-0.018149275420002157,-0.012261975920075163,-0.047779313132782934
2025-09-20,0.0015320579319960225,0.004465134082638091,-0.0029335490044351065,0.00010373982053013542,-0.0026087668393056872
2025-09-21,-0.001861258976138407,0.0051146449280926026,-0.006976000660434605,-0.00352678802966655,-0.022237979686657368
2025-09-22,0.005269051683701091,0.021274911540284956,-0.016027881446667766,-0.022901160672461396,-0.06316485033998209
2025-09-23,-0.009008978437258201,-0.007696811586193463,-0.0013128442045832456,-0.005877235036133466,-0.015717276076362818
2025-09-24,-0.0019741660254203623,-0.0019019221239192964,-7.441543473904268e-05,0.011618561120239956,0.006812682329866515
2025-09-25,-0.005014197342974441,-0.00479397912285698,-0.00022021822011746099,-0.03809246360691054,-0.07192665988048949
2025-09-26,-0.01806936155849541,-0.01806936155849541,0.0,0.005983737449753113,0.0398498239913189
2025-09-27,6.24989725292629e-05,6.24989725292629e-05,0.0,-0.0001368438338168465,-0.00939195824039516
2025-09-28,0.0064721738822949935,0.006476545151920162,-4.371269625169627e-06,0.023093276398507223,0.03865029451845736
2025-09-29,0.005627399904214757,0.0056086754535517565,1.8724450663000982e-05,0.019120663515562297,-0.007111017657851254
2025-09-30,-0.004314377450281436,-0.0037194057853876996,-0.0006124728623190697,-0.0020827134781314927,-0.009943272099972556
2025-10-01,-0.01358951257784292,-0.01338911553600124,-0.0002003970418416809,0.03977691255393023,0.05092739138160281
2025-10-02,0.0034589677333980934,-0.0036755305649184096,0.0070631670181325185,0.016395101710353188,0.03714975484465792
2025-10-03,0.013599657692513756,0.011679896619905,0.0018946082654651359,0.014520893491320574,0.00504965710838855
2025-10-04,0.004050287417719702,0.008208607017058502,-0.004158949653108677,0.001545809955343369,-0.024923678444561483
2025-10-05,0.000887347478853616,-0.0027693757978610786,0.0036567232767146956,0.009105385651872133,0.001131818580828975
2025-10-06,-0.009832768896053133,-0.019826109797531778,0.009922627333516567,0.009233632758760324,0.038482627804760534
2025-10-07,-0.003747986473367019,0.024543879550366122,-0.028291866023733146,-0.026541363632718862,-0.06180107824087121
2025-10-08,0.007561451338208479,0.0018168723852639954,0.005744575564223304,0.016342534246011065,0.03705045678852901
2025-10-09,-0.0031143256520548123,0.00871477806810209,-0.011829103720156903,-0.014345341816266122,-0.04117885476431578
2025-10-10,0.012291746639218965,0.04403876025784984,-0.03177565261332339,-0.07280351930271756,-0.202736499847531
2025-10-11,0.019037701968405707,0.019037701968405707,0.0,-0.01923537393247665,-0.00298766746104307
2025-10-12,-0.016344124161297234,-0.016343718030926956,-4.0613037027718334e-07,0.03931568287037046,0.1146725003616647
2025-10-13,-0.03988951385075832,-0.039910099146449295,-5.5624186904299185e-06,0.0016008352183747299,0.03235240787275236
2025-10-14,0.007247479664985265,0.007987565720167608,-0.0007402803590242861,-0.01827594593655535,-0.044980618999827485
2025-10-15,-0.0018022133404081418,-0.0018022133404081418,0.0,-0.020261900548575462,-0.04704301634975478
2025-10-16,-0.009493873793562623,-0.009493873793562623,0.0,-0.022658719407567918,-0.044684677035274074
2025-10-17,-0.005160390037809395,-0.005160390037809395,0.0,-0.016863640143779834,-0.024762238212403732
2025-10-18,-0.0031438615159001524,-0.0031438615159001524,0.0,0.00702094063686598,0.0235100090526832
2025-10-19,0.008100099136640336,0.008100099136640336,0.0,0.013514648647135141,0.03204039063895074
2025-10-20,-0.005377719592059962,-0.005377719592059962,0.0,0.01738633956773583,0.013298033521702285
2025-10-21,-0.006485702404916557,-0.006485702404916557,0.0,-0.02022103748223647,-0.03875321447762782
2025-10-22,-0.002513318489736038,-0.002513318489736038,0.0,-0.006623862534066216,-0.02689626114373215
2025-10-23,-0.000761600092211423,-0.000761600092211423,0.0,0.02357525481734979,0.035498980104418376
2025-10-24,-0.006039421931013881,-0.006039421931013881,0.0,0.00905844834322167,0.024675480409355514
2025-10-25,0.012291410970172435,0.012291043154708319,-7.010586723186748e-07,0.005609580406987114,0.011941339577589766
2025-10-26,0.0026620263081562397,0.0026209642094075017,4.106209874873579e-05,0.02612752164608767,0.05151713217864544
2025-10-27,0.013654362218066676,0.0143016808875941,-0.0006473186695274206,-0.004275704400485192,-0.015218557382240334
2025-10-28,0.010821519970240098,0.010084741980450385,0.000717333443431785,-0.010927956112907644,-0.03034887465472248
2025-10-29,-0.002796701770537777,-0.003156999678769659,0.00035413652159029695,-0.02447193081939325,0.016997173600659943
2025-10-30,0.013829192579929409,0.016627782766245824,-0.0027985901863164164,-0.015821692612304927,-0.06786646995337435
2025-10-31,0.016583307859568304,0.017099657015572884,-0.0005289972599945432,0.011323366555924697,0.02789113925921415
2025-11-01,-0.003297761615988708,-0.003297761615988708,0.0,0.004863715586702844,0.008124311758790697
2025-11-02,-0.004473454118118583,-0.004473454118118583,0.0,0.0037141300399563537,-0.009435272346101387
2025-11-03,0.033080567428412526,0.033080567428412526,0.0,-0.036207692098906175,-0.09878938115522506
2025-11-04,-0.005817855741980332,-0.005817855741980332,0.0,-0.04756540595342029,-0.04275208209447083
2025-11-05,0.008495557648337046,0.008495557648337046,0.0,0.024295288783757085,0.04221531544448202
2025-11-06,0.0070440029975361775,0.0070964146433503605,-5.241164581418315e-05,-0.025133509742602866,-0.032342648004644085
2025-11-07,0.023866468743200683,0.008143952968034418,0.015722515775166264,0.019612488032137998,0.09037241930299421
2025-11-08,-0.0147359881160395,-0.009617393912834726,-0.0051185942032047705,-0.009980638915779272,-0.022206748270273264
2025-11-09,0.006973959316077532,0.005424928799529399,0.001549026444583669,0.024288885194927,0.03073294704758443
2025-11-10,-0.023471526749616202,-0.013422185079049359,-0.01006158993877229,0.012047387664315012,0.00916060219378726
2025-11-11,-0.01715314536612379,-0.011599971493824968,-0.005553173872298822,-0.028118662453426424,-0.07458170815061696
2025-11-12,0.0005844065673976478,-0.0014418637952394804,0.002026222869046596,-0.01369450860880872,-0.013379057480141971
2025-11-13,0.016204837071536613,0.015375251312728348,0.0008284252608161585,-0.01857847140903146,-0.026598259370629335
2025-11-14,0.02391765178469931,0.018022727879013163,0.0058932412538839594,-0.05114553566952429,-0.03720675516606086
2025-11-15,0.013715778058536663,0.007920216074070821,0.005795353388015577,0.010123211530739473,0.021834130931799138
2025-11-16,0.0020230392791116257,-0.0010359711289617218,0.0030527916248525152,-0.013609925516779642,-0.020938737303243683
2025-11-17,-0.012431310143998325,-0.002909412115487533,-0.009521898028510792,-0.02141243596949871,-0.03318458183394653
2025-11-18,0.0002572900623748564,-0.0008103378930200967,0.0010676279553949528,0.007586266689786791,0.03603169689855891
2025-11-19,0.027437604766447327,0.02301367142415352,0.004423933342293801,-0.015251903798993216,-0.0018756345642731765
2025-11-20,-0.016635034375557786,-0.01466305705685219,-0.0019719773187056,-0.05356401686436418,-0.057143939167090305
2025-11-21,-0.024864102671753863,-0.014435397344882177,-0.010428705326871684,-0.017761107905366447,-0.06706005244649904
2025-11-22,-0.0292547171251977,-0.027718934496976988,-0.0015465847654748766,-0.0046997450388316375,-0.035849364727953845
2025-11-23,0.006431084056904464,0.005057152266609068,0.0013738453050912002,0.024742949557908567,0.029632110545280838
2025-11-24,-0.02946824786689478,-0.026511755270142667,-0.002956492596752112,0.0164157268423053,0.04638937339572898
2025-11-25,-0.005556544725978423,-0.005399143098397506,-0.00015787819554485285,-0.010200380814217036,0.009179091434429371
2025-11-26,0.010775626780317396,0.010534382554794714,0.00024071019446189222,0.03535931846287732,0.032909511456490785
2025-11-27,-0.010784365387113684,-0.009795204728066262,-0.0010030886166422105,0.009842955098429584,-0.015621920522314692
2025-11-28,-0.0062949011937224846,-0.0062949011937224846,0.0,-0.0051253969992334225,-0.01490379222532911
2025-11-29,-0.002306346247088855,-0.002306346247088855,0.0,-0.000814601175667673,-0.013026945365633275
2025-11-30,-0.014433063989152574,-0.014433063989152574,0.0,-0.004869557553322745,-0.028004971905334103
2025-12-01,0.0071303399252163335,0.0071303399252163335,0.0,-0.045501848858578886,-0.06485378458026332
2025-12-02,-0.009607142989668398,-0.009607142989668398,0.0,0.05823745012526671,0.07372881652374044
2025-12-03,-0.01073810541709827,-0.010737798861489312,-3.0655560895845967e-07,0.02365268476604876,0.04447472932220163
2025-12-04,-0.0007120436912996101,-0.000704666557111959,-7.990245405568252e-06,-0.014572514588575447,-0.017058471853614327
2025-12-05,0.00425479193897011,0.00425479193897011,0.0,-0.029771606145554852,-0.04840321067154003
2025-12-06,0.004809790939755066,0.004809790939755066,0.0,-0.0012654825632181232,0.005733322454724387
2025-12-07,0.001576442632160407,0.001576442632160407,0.0,0.013040894360906385,-0.0036269386313251216
2025-12-08,-0.006701330832131662,-0.006701330832131662,0.0,0.0027672009209245285,0.02486189997228779
2025-12-09,0.0018122892816092352,0.0018308846031136956,-1.859532150446025e-05,0.02273881272490441,0.02966358231769292
2025-12-10,-0.004557465514783336,-0.004595334220187083,3.786870540374706e-05,-0.007479439635633689,-0.026881157668640958
2025-12-11,0.010639420107695311,0.011394548769467189,-0.000755457792840173,0.005654570959428451,0.0005875756444295499
2025-12-12,8.208808395666262e-05,2.7017705083427573e-06,7.938631344831989e-05,-0.02436176079410901,-0.022886842153621568
2025-12-13,-0.0077887580202721735,-0.007565712024977672,-0.00022449418564377582,-6.649820454851518e-05,0.008571005644949364
2025-12-14,-0.006253513894980943,-0.005410348013631818,-0.0008431658813491257,-0.023209416771962532,-0.039384897142979276
2025-12-15,0.011801746411058082,0.011801746411058082,0.0,-0.01930147058823528,-0.028378644007594052
2025-12-16,-0.0001878544315094164,-0.0001878544315094164,0.0,0.016048225670218796,0.0034398115172795895
2025-12-17,0.00211999709025019,0.00211999709025019,0.0,-0.018265880155783787,-0.05203288910994723
2025-12-18,0.0013149680928526953,0.0013149680928526953,0.0,-0.008502493910219178,-0.0379921169756687
2025-12-19,0.010102129354179047,0.010118498715603925,-1.6369361424877974e-05,0.030593025024275633,0.07125530932604121
2025-12-20,-0.002006446962713952,-0.0021546572793842865,0.0001441857926449702,0.0025541479362485298,0.003112823609065213
2025-12-21,-0.00597457542360994,-0.005613330689994919,-0.00036641690722458744,0.0032836260289639263,-0.00995089464676328
2025-12-22,-0.0053893839290346255,-0.004887340621270279,-0.0005020433077643464,-0.0003837168620989262,-0.003449960420344489
2025-12-23,-0.0014104805337228751,-0.0009670919022194545,-0.0004435869361351102,-0.012577196211034924,-0.022492219357663896
2025-12-24,0.0018548039982608927,0.001828293354428512,2.6510643832379722e-05,0.0022181822339610857,0.005050053045895175
2025-12-25,0.003067353088217988,0.0038006244759609385,-0.0007332713877429507,-0.0051681060545560875,-0.014467767193531017
2025-12-26,-0.002846065568074293,-0.0033041962736988415,0.00045813070562454833,0.0015940366972477804,0.018039803657709096
2025-12-27,0.014152362935709317,0.00948401027356845,0.00466817939455674,0.005782067575768046,0.03424201195178326
2025-12-28,0.00881504605735201,0.007481745535722322,0.0013333005216296886,0.0009562406083511998,-0.0024667345790995
2025-12-29,-0.003909406342677421,-0.005020379345105014,0.0011038248954725602,-0.007961059048312236,-0.01717177602312665
2025-12-30,-0.005482048883320215,-0.004184128206896494,-0.0012994929185704484,0.014192690420507192,0.002675988006206681
2025-12-31,0.0020301609458188113,0.003856580603608103,-0.0018264196577892917,-0.009427350620577424,-0.022910469840084897
2026-01-01,0.00294795144852453,0.0017581206783192668,0.0011730741131294126,0.013431166697096986,0.04759373072650863
2026-01-02,-0.018993157562461897,-0.015104627353536647,-0.0038885302089252533,0.012645114796923762,0.06891859674191693
2026-01-03,0.003316534794653903,0.002140935652844529,0.0011705218222606657,0.007427834363741503,0.017699053977861846
2026-01-04,0.00839610740189599,0.00901607300998927,-0.0006859147536438018,0.010055187637969087,0.03543560803886543
2026-01-05,0.005345514060677963,0.0030417209920488766,0.0023037930686290865,0.025363071106205837,0.03228587373576586
2026-01-06,-0.002350411522334464,-0.005366837840573,0.0030157205365282406,-0.0003303776963082816,0.014164185185759176
2026-01-07,-0.02180721043579625,-0.004628754405460325,-0.017186658350567197,-0.025884585452180642,-0.047127584071806575
2026-01-08,-0.00248546924078694,-0.0022757251279230373,-0.00020974411286390292,-0.0032175806857606126,-0.021727451227551504
2026-01-09,0.0004910154389861621,0.001675640162186982,-0.0011846247232008202,-0.004710196642475184,-0.0051791197589644514
2026-01-10,-0.003480450922376567,-0.0034699979571997898,-1.0452965176777403e-05,-0.0018201875344732166,-0.01659659018210846
2026-01-11,-0.005237180181752921,-0.005446980831530604,0.00020980064977768218,0.005658396419295997,0.005515186850629799
2026-01-12,-0.002700812921350837,-0.002359680567941364,-0.0003429366778432789,0.002769322065562685,-0.013043402113017294
2026-01-13,0.008908364127607874,0.0053761774205056834,0.0035321867071021907,0.04520597485999844,0.07828095655207616
2026-01-14,-0.010758087305900603,-0.017453957366982027,0.0066822701168657885,0.016178413404072334,-0.006719529496001964
2026-01-15,0.0015361338245957728,0.01241292251733315,-0.01087753945669077,-0.013712764530474542,-0.04174065196829231
2026-01-16,0.0007402024489043359,0.00042319048687011784,0.00031696339777302694,-2.0923128426164617e-05,0.005343011489795746
2026-01-17,-0.0030309550228125592,-0.0014353452494383265,-0.001624639611587333,-0.00462410813299019,-0.009222736300570767
2026-01-18,-0.0033546035340255164,0.006090240805953928,-0.009444844339979443,-0.016007315227444696,-0.035983745648836815
2026-01-19,0.0010287313282567536,0.005218388352833824,-0.004232530991304598,-0.011108618792792235,-0.01906479907457163
2026-01-20,-0.011332768227542717,-0.010369795362417653,-0.0009629728651250645,-0.045117248679534705,-0.06534995004954483
2026-01-21,0.0005997459576521063,0.0005997459576521063,0.0,0.011277770236640894,0.023337130790538625
2026-01-22,-0.0005174885078287635,-0.0005174885078287635,0.0,0.0011073701636445943,-0.009085560772528761
2026-01-23,-0.010203177004043083,-0.010203177004043083,0.0,0.0005810055865922426,0.0013277813434913188
2026-01-24,-0.0022312703166291834,-0.0022312703166291834,0.0,-0.0042545113453635874,-0.0019573079704332365
2026-01-25,-0.01010102449824389,-0.01010102449824389,0.0,-0.028417310560608255,-0.055729032821844625
2026-01-26,-0.0005189710907436082,-0.0005189710907436082,0.0,0.019183489733024084,0.04495813948028491
2026-01-27,0.017766726024100867,0.01779872544689019,-3.199942278932059e-05,0.01037384341838532,0.043245092536605176
2026-01-28,0.009787998301026578,0.004463819393767639,0.0053241789072589404,0.0006837415232865407,-0.013193899230384614
2026-01-29,-0.005699255961259923,0.0016862386987291458,-0.007419737117492718,-0.05191764864017201,-0.06052826304132584
2026-01-30,-0.002343033624040575,-0.0022296610904104916,-0.00011337253363008375,-0.004725842085986698,-0.02384654942361661
2026-01-31,0.020676292066346746,0.020441762181086266,0.00023452988526048179,-0.06544319274462551,-0.07934394329470813
2026-02-01,-0.008306502060478808,-0.007955829119074814,-0.00035547440391547734,-0.022863530129051957,-0.03341601198636846
2026-02-02,-0.02200044539430176,-0.023828326062997993,0.0017937967058955977,0.022826539101497456,0.020118848777683117
2026-02-03,-0.0004866970315070907,0.0005969378684746417,-0.001083634899981731,-0.03752986630064559,-0.030244353918932328
2026-02-04,0.018878156217025186,0.014646008543405718,0.004232147673619466,-0.03412076956596377,-0.021342883243626914
2026-02-05,-0.003857917116873103,0.0014022065365502125,-0.00526021156559498,-0.1401697950702011,-0.15659838844977272
2026-02-06,-0.0255767020282619,-0.02458057074833066,-0.0009961312799312363,0.12118803065475237,0.11152080440012735
2026-02-07,-0.007127927842490382,-0.0058681913687638945,-0.0012597364737264875,-0.0181519087866584,-0.0041646868844552485
2026-02-08,0.009176632706458276,0.008163077254446753,0.0010133674714831152,0.015324397712172866,-0.011856563884230892
2026-02-09,0.01677401420449761,0.018466493414864144,-0.001692479210366535,-0.0029019730571717695,0.010013493448688637
2026-02-10,0.013732077163016203,0.0163678481126476,-0.0026531888410448747,-0.01843265376000458,-0.023991113795543702
2026-02-11,0.11962699564864919,0.1196259592192537,-1.036429395488649e-06,-0.025319399427333855,0.0329017281981676
2026-02-12,-0.020204767111126315,-0.020273321708242895,6.567284416807633e-05,-0.012153476789096174,-0.005773354119818763
2026-02-13,-0.010088630334198987,-0.010528539751175882,0.0004399094169768936,0.03891673208139612,0.03903203748743343
2026-02-14,-0.010883190305116579,-0.011207701315198692,0.0003245110100821147,0.014094330301357205,0.07062211504119409
2026-02-15,-0.009819495216515603,-0.00842176416098102,-0.0013977310555345827,-0.014242320036680467,-0.051370173780417305
2026-02-16,-0.004878706452564349,-0.004874785754400392,-4.104562771537884e-06,0.0010465420506409195,0.005164132474769484
2026-02-17,-0.0024928759388137033,-0.0021621424996663154,-0.00033113224608778984,-0.020182953390445735,-0.01602796853227794
2026-02-18,-0.01176688138413503,-0.01176688138413503,0.0,-0.01547125074096023,-0.03927317352297773
2026-02-19,0.00035213878136426425,0.00035213878136426425,0.0,0.008203383707628298,-0.0006961552976316509
2026-02-20,-0.01096089917899217,-0.01096089917899217,0.0,0.014914677296546719,0.022380252566308666
2026-02-21,-0.001759033935088832,-0.001759033935088832,0.0,-0.0006619593998234974,-7.444375147784843e-05
2026-02-22,-0.0035016884134859345,-0.0035016884134859345,0.0,-0.004901744314418144,-0.027087278036664653
2026-02-23,0.003203175111933617,0.003203175111933617,0.0,-0.043948403893375954,-0.05535653213534547
2026-02-24,0.0055565260243074606,0.0055565260243074606,0.0,-0.009531030001083018,0.003067113998354953
2026-02-25,-0.014986772747242291,-0.014986772747242291,0.0,0.06137623994376318,0.07946075214724037
2026-02-26,-0.004937969821010796,-0.004937969821010796,0.0,-0.007226539503120244,-0.021059820638693577
2026-02-27,0.003141415082330637,0.003141415082330637,0.0,-0.023957422205091006,-0.033039828155396675
2026-02-28,0.0024423253413572298,0.002491058664447757,-4.873332309052699e-05,0.016616796026550418,0.026803661573849065
2026-03-01,0.00455947189365677,0.0038272422383742568,0.0007321948719837124,-0.01788408958479626,-0.017715648829753017
2026-03-02,0.007457636597082337,0.004172882239080707,0.003284657674083983,0.0462469954665774,0.04056916191628551
2026-03-03,-0.01739486623092346,-0.012468438391539868,-0.00492642783938359,-0.006906679849943309,-0.02749607585588525
2026-03-04,-0.009047471593263268,-0.01080154228261096,0.0017540706893476904,0.06345627315187641,0.05082419981223909
2026-03-05,-0.0017181760927532754,0.0032168184292798514,-0.004950860358665668,-0.024850963060867648,-0.026261152362931778
2026-03-06,0.0021050218459025133,0.0014402664362679239,0.0006647554096345899,-0.038769977974812186,-0.038856679289187394
2026-03-07,0.007508713193716109,0.008992299105595384,-0.0014835859118792734,-0.01251432096589411,-0.012014301191311416
2026-03-08,-0.0011656503511263145,-0.0016745014229191506,0.0005088510717928359,-0.01929198274579802,-0.011123099220877886
2026-03-09,0.0073998105306935505,0.0002342403388644542,0.007165570191829096,0.03724993554062461,0.031983021529530135
2026-03-10,-0.00445072437956792,-0.002610248957223751,-0.0018404754223441718,0.02206495196595948,0.028651268091824094
2026-03-11,0.018004112836743084,0.010607100061983368,0.007386631894414137,0.0033906549543620823,0.012704294525184151
2026-03-12,0.014385182361790887,0.010055709990386892,0.004329039896049387,0.005204248948456502,0.019710113315919747
2026-03-13,-0.006524465439577459,-0.003189388509201307,-0.003356366041922845,0.005687943262411288,0.00476586132878265
2026-03-14,0.011194603472967714,0.006058193351902878,0.005122790768331221,0.003935064385551579,0.012571395984085815
2026-03-15,-0.005746103505573111,-0.003357344300382855,-0.0024011203584947084,0.02245012644001121,0.02542401247297845
2026-03-16,-0.011336280265249968,-0.027111732849896323,0.01576871160581666,0.028525103740141278,0.07359964097066365
2026-03-17,0.0036722742246850836,0.004650690596213262,-0.0010005726517377158,-0.01322574611911187,-0.025301899781316833
2026-03-18,0.0021727542714388413,0.0010010874019408544,0.0011641493670714884,-0.03589028484782841,-0.035404044348765394
2026-03-19,-0.0120387859705512,-0.0010682340654752614,-0.010970675891635695,-0.018170839593894428,-0.03169942131862464
2026-03-20,-0.001569381826029663,-0.0020395077798320556,0.00047012595380239276,0.007937756546861463,-0.004636519070880552
2026-03-21,-0.002173949955707285,-0.0010149845159089668,-0.0011591318074887181,-0.02270340834917839,-0.023629612107155435
2026-03-22,-0.0021210135367110985,2.8488486317076875e-05,-0.0021495020230281755,-0.015143595551296518,-0.015999753350565603
2026-03-23,-0.0022934253203718605,8.361381314634328e-06,-0.0023017867016864933,0.04465509870118378,0.041629026002239555
2026-03-24,0.018417376826674766,0.013209901427388605,0.005207475399286158,-0.0043324865932825585,0.025083870060677062
2026-03-25,-0.0028307668473032638,-0.0028114415104444988,-1.9325336858765043e-05,0.010630306294558745,0.0078086421025376825
2026-03-26,-0.0008178523151916266,0.0031141207920767078,-0.00393202235553242,-0.03501956439420506,-0.04479421931842929
2026-03-27,-0.004681061334870065,-0.003282205647417464,-0.0013988556874526006,-0.03502601517309534,-0.04100489139597919
2026-03-28,0.00511656691582115,0.00314063536874448,0.00197593154707667,-0.0006476293752635254,-0.004783264318349139
2026-03-29,-0.00373579572948637,0.0008156196504462292,-0.004570866468478888,-0.005772158003406025,-0.010116701745980177
2026-03-30,-0.007343096831234004,-0.005749102887109416,-0.0015939939441245905,0.012066090647263827,0.011292030742744347
2026-03-31,-0.0021319290557774385,-0.0021145836809985767,-1.7345374778862164e-05,0.02213701584638894,0.022324459735220615
2026-04-01,0.002287573777068646,0.002287573777068646,0.0,-0.002344528456714179,0.00972261986631423
2026-04-02,0.01115460285420592,0.01115460285420592,0.0,-0.017889665707067737,-0.022253877376800475
2026-04-03,-0.004251703828628583,-0.004200095332028004,-5.1608496600579056e-05,0.0011366015613316627,0.006996210649642875
2026-04-04,0.0009334982421368593,0.002837576779304313,-0.0019040785371674546,0.004810134145977196,0.012702820599551651
2026-04-05,0.005694147071306501,0.003953525080381478,0.001740621990925023,0.02563035204567088,0.010827494273260064
2026-04-06,6.731633331086277e-05,-0.00028692232582560825,0.00035423865913647093,-0.0024641966718849106,-0.013967988184727147
2026-04-07,0.01429980153484158,0.007941734846893655,0.0063580666879479285,0.04506088523351459,0.08525298693889659
2026-04-08,-0.0055002635886925964,0.002315106371815864,-0.007815369960508462,-0.012277701302854549,-0.02872868297161198
2026-04-09,-0.008675207520457888,-0.0038187136715030446,-0.004856493848954845,0.010163860577735218,0.007548789221582863
2026-04-10,0.019257944723401123,0.0063844755758351674,0.012847517407646865,0.016276930795172673,0.010054535449872198
2026-04-11,0.008838804538416496,0.003443158035915514,0.005367768798509986,0.0012204152154238201,0.020999229144827575
2026-04-12,-0.022642547489770293,-0.004399214376051454,-0.01831743315162233,-0.03163733479422037,-0.04300757526403123
2026-04-13,0.02144301203947853,0.005051120147922213,0.016391891891556317,0.052075525068948414,0.06984653933890263
2026-04-14,-0.00694896657861319,0.002904960085380103,-0.009859535896134633,-0.003885087448075586,-0.034562418512194965
2026-04-15,-0.003893543203533931,-0.010301301793458527,0.006406136863703267,0.009123053253798918,0.02128969210752435
2026-04-16,-0.02459492358594348,-0.02014660466154525,-0.004449542139833584,0.0047610131864017635,0.04203275555688975
2026-04-17,0.01446581013605437,0.0037257544069439863,0.010740055729110385,0.025169705843205215,-0.006032961372535122
2026-04-18,-0.0023144668409472223,0.011867901353894827,-0.014261319383971637,-0.017904207943288175,-0.05255816259912146
2026-04-19,-0.01620687702837368,0.007553310756986842,-0.023766998488158393,-0.02513154067845902,-0.03941816614213714
2026-04-20,0.002306049291243434,0.00042530327083451793,0.00183487092405628,0.027949173458456045,0.024225251162198543
2026-04-21,-0.00573517689377588,-0.004879519274372967,-0.0008556576194029141,0.0064114403313897395,-0.0022172178887831183
2026-04-22,0.008360634807515846,6.495846623951241e-05,0.008295676341276335,0.024237101510067083,0.0019710358906538995
2026-04-23,-0.006340060357798294,-0.006487200253508211,0.00013546448075525214,0.0011390250457530282,0.006686676700817173
2026-04-24,0.007893735525889255,0.008649401681586096,-0.0007967426822139913,-0.010533582184951262,-0.0005852108286690027
2026-04-25,0.00924170452064262,0.008040740386665227,0.0012009641339773911,0.002325521304359146,-0.0036926630246671755
2026-04-26,0.005991793062439484,-4.4547132653433884e-05,0.006003283555750012,0.013314944188084876,0.015482715391020923
2026-04-27,-0.013196995783954224,-0.0025931579211599244,-0.010604880692810653,-0.01647268333015328,-0.019963555539998717
2026-04-28,-0.019342815057343945,-0.007906719602665169,-0.011478900210879307,-0.0132307294361097,-0.007648297899539353
2026-04-29,0.0031220292630268274,0.005421026402830137,-0.0022989971398033127,-0.007470804880925885,-0.018828790116715836
2026-04-30,0.016018962177371802,0.013652928488227564,0.002363787910029136,0.007566653901514675,0.0012687189059425342
2026-05-01,0.032176842457546644,0.020478213573978075,0.011692952743309504,0.024757536041939643,0.02579956732981244
2026-05-02,0.0014500718285921342,-0.0015412625403675843,0.0029913343689597183,0.005908759544181352,0.009122185660880883
2026-05-03,0.020385199318844485,0.011309570848416866,0.009075628470427623,-0.001500298788318033,-0.003518711205598457
2026-05-04,0.010788213167623972,0.0014049804556536215,0.00938323271197035,0.016171545719633862,0.0061226813469662245
2026-05-05,0.07563930594132574,0.03235147214414006,0.043280691357005616,0.013270177812864103,0.05205662190793201
2026-05-06,0.005157581893150231,-0.0020081811588524845,0.007164867808947258,0.006665677326803676,0.049899052415223175
2026-05-07,-0.007767724430380464,0.0009557422218041799,-0.008738470748379149,-0.017309369663763396,-0.0023916554178002427
2026-05-08,0.007335232910798351,-0.005693029003039368,0.0129021685072267,0.0020002000200018966,0.040817939363439096
2026-05-09,0.00601982327136802,0.00815939772145129,-0.00219182522477905,0.005838906078450945,0.003320427332740289
2026-05-10,-0.0003615603970518798,-0.01650141871261107,0.016116605131927437,0.01915157529149103,0.029772088055679952
2026-05-11,-0.009842820210484807,0.007700835013459592,-0.017545059700648732,-0.005610729759992217,-0.01363494775175635
2026-05-12,-0.030182597107272516,-0.0017353531412142341,-0.02844724396605827,-0.015225879098686668,-0.03994829602884127
2026-05-13,-0.047510019461347454,-0.028426940391329154,-0.019110081920697537,-0.014616139897339009,-0.03624441203709418
2026-05-14,0.002450889941697556,-0.007550594325088027,0.010001195561451714,0.02221157120694217,0.02317418769184601
2026-05-15,-0.02875883120453885,-0.006724373368641456,-0.022034457835897397,-0.02444351216623064,-0.04923804818337084
2026-05-16,-0.014740992586821504,-0.0021576153950833496,-0.012583645023793506,-0.012129567560047017,-0.03067498879494219
2026-05-17,0.02702035283698886,0.019248971917839024,0.007768683381912049,-0.008616716173307393,-0.002215868536539228
2026-05-18,0.025771322925075762,0.015588402462232344,0.010165758078194607,-0.005772881662383322,0.014367763100936426
2026-05-19,0.01580111521206969,0.013569439528518882,0.002230182355039199,-0.0023121687623401943,-0.0076996148024536136
2026-05-20,0.06063576995008563,0.020745914466853095,0.039887631672833074,0.009465406348462269,0.04150479223720147
2026-05-21,0.018944461039003574,0.011810842447393537,0.007129828978995603,0.0006964776288806984,0.034733810055252425
2026-05-22,-0.01637941392445485,0.00458955580668651,-0.020969050489151913,-0.026898836145230476,-0.05221921109139897
2026-05-23,0.03990242435688297,0.03055387817950043,0.009341986333497327,0.016052980132450267,0.03899131547464742
2026-05-24,0.027755232743751905,0.016552161898488082,0.011201972510409906,0.0039498383564500195,-0.00372540313671168
2026-05-25,-0.009960672147802116,-0.0057323219921271585,-0.004252115389921744,0.0034668571057585584,0.010684415981507378
2026-05-26,-0.03236497081987969,-0.01876904480305984,-0.013595926016819852,-0.017960197717450388,-0.021694935361159618
2026-05-27,-0.012724938369218248,-0.008921558164275662,-0.0038033802049425875,-0.01942182517722091,-0.030482170244430118
2026-05-28,-0.0008144076284626121,-0.005851476981959501,0.0050360497223428426,-0.011193227626981939,-0.024860158319013854
2026-05-29,0.0020759696638514217,-0.002562706537239293,0.004637986480642019,-0.0021199396632557432,-0.0073448583551064765
2026-05-30,0.0271268264498348,0.019968012691943864,0.007156985676669452,0.005746891639770713,0.02510952765232711
2026-05-31,0.024023593023707674,0.017485038531870188,0.0065385544918374824,-0.0026403802147508815,0.013075357567806572
2026-06-01,0.03668349526996739,0.03512728669453403,0.0015504110306741254,-0.030505851367129133,0.013925303231673685
2026-06-02,0.02196435254780985,0.027895432469397505,-0.0059351425672605415,-0.06552211844113653,-0.056837438568368294
2026-06-03,0.0565571909810808,0.049201510304258615,0.007330344193975527,-0.03917161182041595,0.03744219617130858
2026-06-04,-0.06964363233287137,-0.03860786354613285,-0.03104539022621708,-0.004101812283602069,-0.08609887637501554
2026-06-05,0.012962829550344383,0.01606504615922851,-0.0031022166088841225,-0.04419387675201625,-0.08477346311847787
2026-06-06,-0.028914770049854325,-0.028011982777335718,-0.0009027872725186086,-0.002818147559517037,-0.0291078062175577
2026-06-07,0.005467094226278301,0.005475308687385329,-8.289270372104523e-06,0.04022280278010548,0.07154837213946938
2026-06-08,0.009739215512734909,0.008924057703926945,0.0007970870889977707,-0.003964681166974682,0.019800585396502347
2026-06-09,-0.005573376419958829,-0.0030744337127510584,-0.00249894270720777,-0.02161502109169333,-0.027992764992840157
2026-06-10,-0.018153608042310768,-0.018153608042310768,0.0,-0.003468676554015726,-0.04715347639211142
2026-06-11,0.012977207622228521,0.012977207622228521,0.0,0.034807501504529936,0.07286591187610227
2026-06-12,-0.00926812029141302,-0.009268405504492452,-2.852130794325222e-07,-0.0009430848304805561,-0.011958394454184096
2026-06-13,0.003698547154955743,0.003694782516704094,3.7503364852625163e-06,0.013624706974402434,0.04604206310018236
2026-06-14,-0.0007543054547695727,-0.0012186811632532541,0.00046437570848368133,0.02006922563521507,0.030296179605497776
2026-06-15,0.005774302732720175,0.004466348486306003,0.0013079542464141736,0.00873402312842364,0.021316540678714625
2026-06-16,0.009413085896670394,0.005069741209881185,0.00434334468678921,-0.009880230488430342,0.01211160317268574
2026-06-17,0.004557859725766416,0.008009398607435466,-0.003463080106154442,-0.0178095339660872,-0.0005456639445470842
2026-06-18,-0.011714487215466541,-0.008734757965690388,-0.0029797292497761537,-0.023809523809523836,-0.040783938426865354
2026-06-19,0.001907056917785084,0.0003075635585162127,0.00159948925883345,0.009168189401763671,-0.007473117358873279
2026-06-20,-0.005253219940972628,-0.005726207113542051,0.00047277268748988413,0.012029222824033292,0.0037269533145133315
2026-06-21,-0.012672407985896826,-0.008356243732842467,-0.004316164253054361,-0.015651253967266188,-0.022888298358939498
2026-06-22,-0.009539085630630755,-0.009028986205393552,-0.0005100994252372019,0.01172751699067498,0.005931395759528619
2026-06-23,-0.008111518945567903,-0.005070101492718196,-0.0030414174528497085,-0.020402424545397757,-0.0342252027667344
2026-06-24,0.0063132015640192714,0.005776892628175564,0.0005363089358437068,-0.02645679839249837,-0.01913258183984332
2026-06-25,0.006230112899542502,0.006143631230871577,8.28389261810187e-05,-0.021098497878683675,-0.010065677801974204
2026-06-26,-0.007238727297640441,-0.007377935090202141,0.00013421839446367518,0.005271172543047875,0.008580360249437249
2026-06-27,-0.0053565154331678385,-0.0036710314176145674,-0.0016966783150890847,-0.0012983986416752469,-0.018315846633139187
2026-06-28,-0.0035460949537894993,-0.0034760759823266223,-7.001897146287685e-05,-0.00745049669978004,-0.00989733868238625
2026-06-29,0.006385770193889984,0.004965557435977555,0.0014202127579124287,0.011385581621857543,0.02838862965524333
2026-06-30,-0.012285047299192966,-0.009893956157809962,-0.002391091141383005,-0.026964650405964075,-0.043830658634238434
2026-07-01,-0.0045921493837099035,-0.0031831376405828805,-0.0014090850057349048,0.02400900977765641,0.007537768237600673
2026-07-02,0.01097777694570501,0.008671726952889825,0.0022834691158922366,0.02627895350774878,0.055199161377691944
2026-07-03,0.008222079475867953,0.0043373829796830255,0.0038846053809007577,0.016058583792033954,0.04680440638820212
2026-07-04,-0.00022590145132477896,0.0013760786673916283,-0.0016019801187164074,0.008805292763998995,-0.005949143967510761
2026-07-05,0.001925100469124048,0.0003567773067449699,0.0015683231623790787,0.008047269789472011,0.002611129729530892
2026-07-06,0.005195778332819162,0.006006911929406045,-0.0008113963069197287,0.006584426809145949,-0.0035335452619505324
2026-07-07,6.488225375722277e-05,0.004443714885456169,-0.004378885289681941,-0.010912667436850154,-0.0310565937647584
2026-07-08,-0.01917883661146536,-0.012712792241247065,-0.006466044370218286,-0.016920527188067247,-0.02393873732080228
2026-07-09,0.0012273979502247844,0.0012623048024864487,-3.5315451560682045e-05,0.015124512306728954,0.011685486767820146
2026-07-10,0.008893715775402287,0.007164399994796102,0.0017289601135064413,0.014709371293001094,0.018649623938919162
2026-07-11,0.0023187807334532295,0.0034924198174328368,-0.0011736442657585356,-0.005174966877094511,-0.010429245405257965
2026-07-12,0.0028550487423247718,-0.0007221654645341247,0.0035695319591922143,-0.0006737383075067216,0.008709572627507895
2026-07-13,-0.02168467614437823,-0.01000322055817189,-0.011697948961692057,-0.022718720602069586,-0.027569728626338618
2026-07-14,0.01553731370849413,0.012050530261878788,0.0034862384641672507,0.04281978469782288,0.05195325994713919
2026-07-15,-0.0015110743531276981,-0.003613397216369399,0.002098173861695249,-0.004030769230769282,-0.0015098590719954009
2026-07-16,-0.02072562111019995,-0.00381158553211979,-0.01691403557808016,-0.014257468565602838,-0.038018900064846886
2026-07-17,0.0007850657602297593,-9.269421232546747e-05,0.000877569947895246,0.0017707435555904816,0.0028572600034287967
2026-07-18,-0.00047954645253066726,-0.0018838532692163632,0.0014043068166856966,0.014062695532474079,0.002436995929396707
2026-07-19,0.005554869232239942,0.006847981028162744,-0.0012972184269693925,-0.0016813981828559532,0.004237030627342359
2026-07-20,-0.003953899515866992,-0.004633599300579329,0.0006725334037818369,0.007849439105040323,0.019678365450998818
2026-07-21,0.0020794834969199557,0.0003636289921133903,0.0017158545048065652,0.01994603379020643,0.014932845768959212
2026-07-22,-0.0009558396128317966,0.00137443168033935,-0.002342549166462248,-0.006628887519353088,-0.0059993710229048645
2026-07-23,-0.007190275634697781,0.00034848137127132454,-0.007539187794014333,-0.015389038525557619,-0.02764846697632743
2026-07-24,0.00327613120749536,0.003970117240927663,-0.0006939950833482982,-0.014538413069203449,-0.018874847034726906
2026-07-25,-0.004434746978628713,-0.004635429327333725,0.00020068234870501247,0.0037116167365842667,0.0026892297576239675
2026-07-26,0.013812842757988142,0.011416216868067375,0.002384489019954817,0.015615046379018338,0.04404034534748459
2026-07-27,-0.0015561553658052449,0.00966543644552176,-0.011221591811327003,-0.0249365113361687,-0.04724972065753843
2026-07-28,0.002994297540390645,0.0014886453506537858,0.001505652189736859,0.002667252416216792,0.007770399259761046
2026-07-29,-0.000709936009760703,0.0002724303557053694,-0.0009830160607632698,0.0008762870465996997,-0.022602159193999483
2026-07-30,0.008975786190222969,0.008500023082626314,0.00046416043609903636,0.012382352021512721,0.02356552951063744
2026-07-31,-0.00825007080474751,-0.0024140876602265315,-0.005838198927269662,-0.0293109305988819,-0.028740663469747886
2026-08-01,0.00036438515622844094,0.000621088248747212,-0.0002585374057621026,-0.001050019091256238,0.00038900701099970345
2026-08-02,-0.013558780229055847,-0.013545160257623692,-1.665744410541636e-05,0.012199394808090513,0.012861655982262382
2026-08-03,-0.008705621317813285,-0.008373226720881201,-0.00033933348952969834,-0.0010069859651331559,-0.004511788353970658
2026-08-04,0.004632962164975529,0.0046476421666683575,-1.4680001692828429e-05,0.009072009072009113,0.009816866394708402
2026-08-05,0.0038150569712519593,0.003648146736050016,0.00016691023520194303,0.008693887744271711,0.005509601449013796
2026-08-06,0.0055195176215727644,0.006574443666573675,-0.001054926045000911,-0.005137330754352076,-0.012518136725446072
2026-08-07,-0.0010055491377386734,-0.0016075710011191008,0.0006020218633804269,0.009207845333084386,-0.01365809634068787
2026-08-08,-0.003684747618412573,-0.0035781550944114547,-0.0001149926412762042,0.0007397703629499208,0.0057877796814541195
2026-08-09,0.004303368776862374,0.004670612232816262,-0.0003730071247361066,-0.0010010318328123047,-0.0018013661358855903
2026-08-10,-0.009320568601053066,-0.0044656630623446094,-0.004861589081242897,-0.01412098415243268,0.003219032479147577
2026-08-11,-0.011815020697326683,-0.01093632670887817,-0.000878693988448517,-0.0061295971978984065,-0.007624892891661112
2026-08-12,0.01163079336833305,0.01271847438627147,-0.0011192601842693693,-0.0014474512271869244,-0.023776112180229188
2026-08-13,0.0031576923819126635,0.0026845869906510045,0.0004329978181356821,0.0001890716581585128,0.0054832555783186025
2026-08-14,0.005183222229397185,0.006656486905885093,-0.0014733793521952022,-0.007104599873976047,-0.01299041954432208
2026-08-15,0.008939023498872666,0.009381135755471358,-0.00044232729356583533,0.00042837424042896366,-0.003913873840790383
2026-08-16,-0.0022769660644546973,-0.0014432261534689207,-0.0008366295286107751,-0.0029021821872621256,-0.006623405031129875
2026-08-17,0.013486599722386465,0.011725428215595557,0.0017611715067909102,0.02578213223482262,0.014227306579459188
2026-08-18,0.008446281616375723,0.008472939454688737,-2.7646516855179843e-05,0.0031320743014853214,-0.0033496498341690608
2026-08-19,0.10552797700208595,-0.0018063937491925195,0.10733437075127847,0.07151910473599599,0.09139698183956686
2026-08-20,0.0313218047834956,0.007246740885991039,0.024075063897504582,0.052983858171169684,0.062284499989852624
2026-08-21,0.062763457383984,-0.00737193899363998,0.07012928877826104,0.07379856430489351,0.12347516509975864
2026-08-22,0.023534697921977328,0.020427379081233224,0.0031017805219971,-0.015947335519181483,0.01019254888384854
2026-08-23,0.008141377423177892,-0.00301319656562256,0.011154573988800454,0.008699259720223562,0.040866188585967717
2026-08-24,-0.004569403787189865,-0.007390313545625882,0.002820766195815913,0.015320549072027179,-0.02452098380100732
2026-08-25,-0.01252772656862349,-0.002923923322558398,-0.009661156539270568,-0.006354752139348774,-0.036252271222329456
2026-08-26,0.023444901527589358,0.009261238532548908,0.014125456710086968,0.00677758809590534,0.039302482098332855
2026-08-27,0.022005754052771956,0.008148243732066357,0.01385691591926084,0.015121605547541384,0.03053532327714576
2026-08-28,-0.010425603067584359,0.008001238206659194,-0.01842684127424355,-0.02978023210879943,-0.038585713852439016
2026-08-29,0.008828897163966,0.002526788699670976,0.006302108464295025,0.005087881591119281,0.016147864984820043
2026-08-30,-0.003601964761387088,0.006178482773989545,-0.009810796691075617,-0.00727361047195374,-0.03586105778243304
2026-08-31,0.0017817476267097843,-0.006091041629388912,0.007836643796878782,0.011782278937405799,0.022590645278967293
2026-09-01,0.006406949684116668,0.015571913289891357,-0.009186913239195266,-0.014699518924835231,-0.009866447310333426
2026-09-02,-0.001270647223038831,0.0013130293046246793,-0.0025836910313355383,-0.001291672586832715,-0.009576005348600241
2026-09-03,0.049123328088809766,0.02345441500154268,0.025642808177466912,0.050763719137598695,0.0736644041712673
2026-09-04,0.007306796095442054,0.013389614096516582,-0.0060828180010745305,-0.019952242627147898,-0.008236998486853959
2026-09-05,0.0036665263621076145,0.0008111216358477671,0.0028554047262598467,0.002273212513972167,0.027339532190658777
2026-09-06,0.014001762609321323,-0.0038818292804936763,0.017883591889814997,0.006390657109919262,0.037919102705093945
2026-09-07,-0.030164487546142742,-0.0177608884709222,-0.012403599075220546,-0.01546430261224696,-0.021878959414988706
2026-09-08,0.0012504553823788956,0.001693634755861829,-0.00044317937348293396,-0.008283589639821898,-0.008383903283643728
2026-09-09,0.00924407098937683,0.01045102624584852,-0.001217671624287802,-0.0018108318349338015,-0.032687100909294546
2026-09-10,-0.008849863266056576,0.004675196682060282,-0.013525151256064868,-0.022254870648355185,-0.04975617937613819
2026-09-11,0.0013965294297285883,-0.00284353238089522,0.0042400618106238075,0.008453869572602635,0.013539597785464302
2026-09-12,-0.003528243477495806,-0.0024340754427842667,-0.0010978811994526308,0.0008810572687225626,0.006969940573391226
2026-09-13,-0.010292246250733852,-0.0046672178765022575,-0.0056259564722979764,-0.005670049710024827,-0.035776929095089685
2026-09-14,0.01495357203943141,0.010953733547188576,0.003999838492242834,0.017862257518552305,0.04105064318875057
2026-09-15,-0.016202601272523296,-0.003156876547747914,-0.01304572472477538,-0.032923179248420364,-0.039730360812867
2026-09-16,0.0534364758430328,0.04797851764333717,0.005433661673544789,0.007565337001375516,0.04814329573786126
2026-09-17,0.030462777927390283,0.025479300997046126,0.004982630364557461,0.0028353898661066523,0.06016536916071595
2026-09-18,0.036313329942284436,0.018244474061836016,0.01806885588044841,0.05916540132991255,0.09030340435972542
2026-09-19,-0.039382119490818525,-0.03669549865231071,-0.002697813275894145,0.004646794206337512,0.006890638096653368
2026-09-20,0.03150621523723864,0.028961585386009105,0.0025380996571682385,-0.0008733946759829081,0.019397043710965373
2026-09-21,-0.01900830641541295,-0.03990511628348065,0.020896809868067707,0.0669900641459722,0.07198911353432165
2026-09-22,0.018080523611626327,0.01365519250755109,0.004424514599842058,-0.004904110221319646,0.027294136593287645
2026-09-23,-0.005792478553081822,0.00857956759400527,-0.014372046147087094,-0.021696023748506987,-0.06167435808268975
2026-09-24,-0.004320504727332835,-0.00498862798294508,0.0006681232556122454,0.00022520920750057627,0.02692260402266012
2026-09-25,0.02390759047180708,0.02046199177994212,0.003439418528526083,-0.003780292706049626,0.042665830961867476
2026-09-26,0.002290913249445562,3.1926124177248256e-05,0.002258987125268314,0.004127709180881789,-0.0018381880153151287
2026-09-27,0.0017085924975141229,0.003996122123281876,-0.002287529625767754,0.00028431639676362863,0.013525257962015574
2026-09-28,-0.03228089888035447,-0.023300084364478526,-0.008980814515875943,-0.011606286343664562,-0.051585688791530006
2026-09-29,-0.0018085503779447655,0.00012584415222745634,-0.001934394530172221,0.0019531015972296117,-0.005225768181295753
2026-09-30,0.00919564245865481,0.007873303310470207,0.001311929801932468,-0.00015546519971298967,0.014091735161793888
