name,days,total,cagr,vol,sharpe,sortino,mdd,avg_dd,n_dd,calmar,pos_months,worst_m,best_m,avg_dd_daily,t,turn,fund_ann,y2020,y2021,y2022,y2023,y2024,L,top,q,kind
long leg only (0.5x),1645,6.980803009077216,0.5854412573771015,0.46719751535463955,1.220698109903102,1.821036102390482,-0.5269860306393217,-0.11628676830957786,25,1.110923674137745,0.5370370370370371,-0.21211043241197203,0.5289496154449309,-0.26429306216301945,2.591461678430293,0.189128672745694,-0.06012348988645245,0.7866582852033703,2.1903749383953457,-0.453183520644004,0.34789733162258174,0.8996122455371862,,,,
short leg only (0.5x),1645,-0.8098367971207173,-0.3080904238982479,0.4605113158603312,-0.5687852435274534,-0.795285153732495,-0.86319551046933,-0.1909019076654058,6,-0.3569184734646446,0.42592592592592593,-0.2329572215504354,0.2262018707375959,-0.6378163545579859,-1.207493605421443,0.258936170212766,0.06447361638247213,-0.1390982619056863,-0.7032290276477653,0.8682035219386202,-0.42735233881881873,-0.30427148847519503,,,,
LS,1645,2.1395973932174983,0.288987273227465,0.3309113032120034,0.9318964931472961,1.4415654079996125,-0.410820402723424,-0.0926988841203719,33,0.7034394380408109,0.5555555555555556,-0.1990135765367691,0.29167250833347613,-0.1293481606792489,1.9783548697773397,0.44806484295845994,0.004350126496019681,0.6441163255211142,0.22539453768093853,0.23004696922581536,-0.16344104210731347,0.5144231114046514,,,,
XS L5 top15,1645,-0.2780142817209681,-0.06972855387105925,0.48814149067151474,0.18440187055257198,0.2287582345463463,-0.7228598498336838,-0.1352055125366093,10,-0.09646206506987828,0.46296296296296297,-0.6255633188983779,0.3942434880728669,-0.44656041960089327,0.391473024403869,0.718693009118541,-0.01007982788880446,0.5970560236872069,-0.005234928268832206,-0.45283880950594924,-0.04240364352925319,-0.13265843960089352,5.0,15.0,0.2,raw
XS L7 top15,1645,1.110095143152534,0.18020539352299858,0.37223338019794555,0.629500062602754,0.9778704088938239,-0.4208188006114473,-0.12028856048819517,13,0.42822562409559933,0.48148148148148145,-0.19182561279930854,0.26973892185515647,-0.16507192551760114,1.3363871669580947,0.6217325227963525,-0.006294154670719353,0.5742347168328026,0.5044562392463796,-0.0018466047143710362,-0.051040250503330276,-0.05939363782037943,7.0,15.0,0.2,raw
XS L10 top15,1645,0.8030397432540726,0.13973427135630212,0.3705268732301546,0.5369719578490271,0.8151843127646359,-0.5580576653983202,-0.131435333499539,19,0.25039396467489633,0.48148148148148145,-0.19769964961295927,0.38740042865144386,-0.20524895215239483,1.139956095506611,0.5392097264437689,-0.005925084569402235,0.5847887940966667,0.5206629878832785,0.07952420526242165,-0.18033063609658284,-0.15446839685038305,10.0,15.0,0.2,raw
XS L14 top15,1645,3.0691177035387938,0.36533322202149865,0.36202773714765435,1.0404548850927775,1.609012062628731,-0.3032884337461873,-0.08969573211781061,37,1.204573539151957,0.5555555555555556,-0.16914520778075848,0.3300293212514771,-0.10558311117518938,2.208817185002078,0.4555217831813576,-0.0060046392223910856,0.6464744697761933,0.42671705510359637,0.16929726679828083,0.023008439455936447,0.4481156519364631,14.0,15.0,0.2,raw
XS L21 top15,1645,-0.002872100463204519,-0.0006379878843542075,0.479504313713071,0.32458706647021984,0.3970864456042769,-0.7517819818497721,-0.12932145954878424,10,-0.0008486341782020736,0.5740740740740741,-0.7130977571076056,0.45471426793494296,-0.3649820699605059,0.6890769611648299,0.3839412360688956,-0.007489209879685916,0.6877133580442951,-0.3325596350915696,0.06990585292709572,-0.11457589850048977,-0.06557852828581145,21.0,15.0,0.2,raw
XS L28 top15,1645,8.127960734438547,0.6333981177980506,0.3612374028460725,1.5384539970937046,2.4632416135749318,-0.27175600088241814,-0.07102087061062645,50,2.330760372324237,0.5555555555555556,-0.21004682480067804,0.37672290236198847,-0.0813797169554893,3.2660364959627217,0.3256838905775076,-0.006511265509118543,0.7172337987954462,1.7621436763591967,0.07167845540775297,0.19880471745998385,0.497907954591577,28.0,15.0,0.2,raw
XS L42 top15,1645,5.825299959201611,0.5313648858764679,0.4197555471807669,1.210381618464512,2.2172038322755725,-0.33439238529787607,-0.08055384055414123,31,1.5890460107311628,0.48148148148148145,-0.1251163479284232,0.4088602129378449,-0.12032059125647089,2.5695604466662147,0.2579533941236069,-0.0024460110739615054,0.48964032409639335,2.359071274575992,-0.11398874304105089,0.3902060737138848,0.10739531597555585,42.0,15.0,0.2,raw
XS L56 top15,1645,3.95722176793542,0.4264699005407693,0.41774492213233727,1.0445244324909182,1.876439725394998,-0.4114670308509256,-0.08974638413503733,28,1.0364618998971007,0.5555555555555556,-0.13391726761448586,0.36727610739313765,-0.16259328734493364,2.217456566062211,0.24138804457953392,-0.002032241693262414,0.4628931323813079,2.203212758794516,-0.21374282979610548,0.11413873053157952,0.2076360544703788,56.0,15.0,0.2,raw
XS L90 top15,1645,0.5467106726492339,0.10160763999195521,0.3487503418092947,0.45248718922303466,0.6437176404660747,-0.4515349426149615,-0.12403290604794763,13,0.22502719148050374,0.5370370370370371,-0.23386072685705717,0.3516883870030776,-0.20475239182010618,0.960600496829811,0.20521783181357647,-0.01115820892477204,0.32125065057897273,0.506485627116775,-0.13710187826633058,-0.20464144276809648,0.13223452572727745,90.0,15.0,0.2,raw
XS L5 top20,1645,-0.529681248493238,-0.1541196651669825,0.46869485086588314,-0.029152901676942743,-0.035427829016634126,-0.8133587984767465,-0.1584726724660281,9,-0.18948545888434093,0.42592592592592593,-0.5921819704050326,0.30948476426627614,-0.5919928229827461,-0.06188968992246604,0.7229685916919959,-0.007909568286980754,0.5510527452963991,-0.39204362895912426,-0.4047495757902416,0.03764848881022531,-0.1924984919028414,5.0,20.0,0.2,raw
XS L7 top20,1645,1.1578862449880174,0.18608484430938943,0.36041262747767316,0.65216646269723,1.0169770550985462,-0.47545203000398617,-0.09898000386331503,21,0.39138510841531016,0.5185185185185185,-0.19848094340733768,0.33425498568815537,-0.15220081078467784,1.3845064412948642,0.6227558257345491,-0.0031606530610435685,0.563085408768959,0.41666151699438325,-0.024294866478913324,0.26748026111191825,-0.21201137834736516,7.0,20.0,0.2,raw
XS L10 top20,1645,0.39436965563411897,0.0765525228792514,0.3649613749081523,0.3841250199217635,0.5668389784699815,-0.6297935191834014,-0.11527369621989061,16,0.12155177934906414,0.48148148148148145,-0.16282186451513136,0.24003037227928004,-0.3307219138335509,0.8154721145038396,0.5341843971631206,-0.003308092444275583,0.5632285852093037,0.06824272431948897,-0.03938537933383879,-0.10268293709391774,-0.031297606019194735,10.0,20.0,0.2,raw
XS L14 top20,1645,2.3818573605957414,0.31042254203620967,0.3501671820983329,0.9464381948925011,1.457448899110045,-0.32822201579002586,-0.08919762740737584,33,0.9457700187753307,0.5925925925925926,-0.1954627648193159,0.29167250833347613,-0.13021736904575465,2.0092259447025342,0.45511651469098274,-0.0014614195430597773,0.6441163255211142,0.16933541937560181,0.39755002674909434,-0.02100971464145851,0.2856948208065,14.0,20.0,0.2,raw
XS L21 top20,1645,-0.1927202016256826,-0.046391561130017855,0.4788948963648901,0.23544015597264814,0.2855172134319305,-0.7431859051628043,-0.12211872892556808,11,-0.06242255242967128,0.5740740740740741,-0.7015375624887923,0.347748801576772,-0.5177938078878943,0.4998239423957171,0.3886018237082067,-0.002578597083586627,0.7122024252673318,-0.5960935461546719,0.20442170232245083,-0.05990233292748148,0.03094770655838941,21.0,20.0,0.2,raw
XS L28 top20,1645,2.622424578134147,0.33055640785990303,0.3545413872604318,0.9824071993013405,1.499563961979387,-0.32455236204618676,-0.0838188603038037,27,1.0184994673151133,0.5925925925925926,-0.15565586583520774,0.27814808444468153,-0.17462064320926632,2.085585771739701,0.33463019250253295,-0.0005750418941236083,0.6387310311969328,0.40385317820470124,-0.06687412901569512,0.159200768053243,0.45569735882978324,28.0,20.0,0.2,raw
XS L42 top20,1645,2.6216292080804493,0.3304915791708767,0.4164314032839893,0.8785543501767695,1.5757427999299363,-0.4565330706219838,-0.09641729345957231,20,0.723915966746095,0.48148148148148145,-0.1892088605494724,0.362370566227165,-0.18227159719311425,1.8651130139638312,0.2722695035460993,0.001189473223657546,0.44305261777674776,1.463901959291848,-0.25139993791102067,0.2942520583781787,0.051307278101712095,42.0,20.0,0.2,raw
XS L56 top20,1645,2.8144452778457474,0.345893240974499,0.4187631659294322,0.9037345184054073,1.6079803879769023,-0.3681053337782013,-0.10736458829352045,25,0.9396583239484219,0.5740740740740741,-0.13088374099517186,0.3299815707686302,-0.13834715534807338,1.9185688524644107,0.25184397163120564,0.0024555246861702102,0.4559662580503605,1.615739673408438,-0.1271501817001328,0.13858965697437253,0.0078103145999353085,56.0,20.0,0.2,raw
XS L90 top20,1645,0.7458785644223356,0.1316162161333172,0.3434853502023003,0.5332815338386903,0.7404405218997249,-0.44953539617506455,-0.158174041416989,9,0.29278276472374004,0.5740740740740741,-0.23726783509395422,0.3390946726695516,-0.19860249127937654,1.1321215684254593,0.19490374873353597,-0.0012262933475177312,0.39443855925799975,0.42178677658400954,-0.12636969363949524,-0.03708809660690948,0.046805345867218184,90.0,20.0,0.2,raw
XS L5 top30,1645,-0.6321627148793854,-0.19901249087108097,0.45199207333948305,-0.1678112971959181,-0.2015771104196489,-0.8484310794647782,-0.16236959257580943,9,-0.23456530022052635,0.42592592592592593,-0.5921819704050326,0.20645928789123413,-0.6425003533837302,-0.3562523300092755,0.7116514690982775,-0.004249343017223911,0.5510527452963991,-0.508440275874265,-0.34686157729813005,-0.1382393111558896,-0.142841812144896,5.0,30.0,0.2,raw
XS L7 top30,1645,1.5214146137934437,0.22777457715871763,0.34001761200663966,0.7717300799671547,1.232936257673109,-0.42908637340060984,-0.08992519807614353,23,0.5308361935466532,0.5370370370370371,-0.20401944821666929,0.33425498568815537,-0.13126727440999864,1.6383321249555947,0.610227239832103,0.0019128791940946589,0.563085408768959,0.4752001122644438,0.07671239642002892,0.03406224618413223,-0.017880747971176558,7.0,30.0,0.2,raw
XS L10 top30,1645,0.3323987292060844,0.06574768790389762,0.34190980663861414,0.3565608117583914,0.5349781222166349,-0.6048937258435618,-0.13045583045436646,16,0.10869295728304736,0.4444444444444444,-0.17090155517893324,0.22075135355350595,-0.2656317034413172,0.7569551162614777,0.524799536836011,0.002011254330619482,0.5632285852093037,0.37825531425481085,-0.16262429418297508,-0.29996969962701714,0.054981516325553814,10.0,30.0,0.2,raw
XS L14 top30,1645,2.1395973932174983,0.288987273227465,0.3309113032120034,0.9318964931472961,1.4415654079996125,-0.410820402723424,-0.0926988841203719,33,0.7034394380408109,0.5555555555555556,-0.1990135765367691,0.29167250833347613,-0.1293481606792489,1.9783548697773397,0.44806484295845994,0.004350126496019681,0.6441163255211142,0.22539453768093853,0.23004696922581536,-0.16344104210731347,0.5144231114046514,14.0,30.0,0.2,raw
XS L21 top30,1645,-0.11893362091753912,-0.027704518992757055,0.46867250012178124,0.27177539340353407,0.32735192816728154,-0.7431859051628043,-0.12211872892556808,11,-0.03727804685247365,0.5370370370370371,-0.7015375624887923,0.2562946989410422,-0.4716025710996264,0.5769612580144667,0.37403821102909246,0.0040662923738601815,0.7122024252673318,-0.46552351643783196,0.028825010465051593,-0.15221321626990947,0.10381620233024758,21.0,30.0,0.2,raw
XS L28 top30,1645,2.1028946868520317,0.2856284725637841,0.3354727550987929,0.9162797872974636,1.39907600010093,-0.30352952008777356,-0.08322434565442823,24,0.9410237016853816,0.5925925925925926,-0.15343916629483956,0.19896396180682396,-0.16048967881831702,1.9452016319498708,0.3223881893182805,0.007374401393436098,0.6387310311969328,0.37936740605008623,-0.13411681602636538,0.20870994261522124,0.3115897033525652,28.0,30.0,0.2,raw
XS L42 top30,1645,4.020471983321309,0.43048844002433473,0.3945848721672549,1.0888284678742568,2.0159452826753155,-0.36626710945658625,-0.09668291836415198,22,1.1753401517898527,0.5925925925925926,-0.12893430587490262,0.33477828221735706,-0.14934017487144316,2.3115111148194427,0.2581357649442756,0.00804806513851498,0.44305261777674776,2.0322041158467092,-0.239297300256211,0.21187646389694237,0.24460241498846136,42.0,30.0,0.2,raw
XS L56 top30,1645,1.8692332433642291,0.2634880738342207,0.3992300875200399,0.7696382350126038,1.3977428152787448,-0.38204295510050457,-0.10529522347949434,19,0.689681802311744,0.5185185185185185,-0.11454688690788517,0.3299815707686302,-0.20755718706842258,1.6338912759094968,0.2502127659574468,0.0068071553662614,0.4559662580503605,1.4230197312103354,-0.20641077001546748,0.005209221913657025,0.01954256868765092,56.0,30.0,0.2,raw
XS L90 top30,1645,0.15842016234110212,0.03316788787379488,0.31693330266542014,0.2628809146033923,0.3618034142392412,-0.42938195511814503,-0.1429361473123884,5,0.07724564919051777,0.46296296296296297,-0.23726783509395422,0.26221736932116047,-0.24240506198718506,0.5580788654120832,0.1981560283687943,0.0004221740538066305,0.39443855925799975,0.07620940107913432,-0.16233439801219884,-0.05343205695867459,-0.02647419283943242,90.0,30.0,0.2,raw
XS L5 top50,1645,-0.6123897411947181,-0.1896525135792828,0.4395905363409643,-0.15850036579810367,-0.18793751033757655,-0.826071229479647,-0.15988516479968373,9,-0.22958372935799665,0.4074074074074074,-0.5921819704050326,0.20645928789123413,-0.6412411353790347,-0.3364858359742803,0.7105998543840489,-0.0013061363046328472,0.5510527452963991,-0.536214476198063,-0.31026739178407914,-0.16559579965456284,-0.06374474724345836,5.0,50.0,0.2,raw
XS L7 top50,1645,1.2125484683967973,0.19268666734968565,0.32078852293753973,0.7080016816268226,1.1324652016302388,-0.35922917528447496,-0.0827290964629833,18,0.536389248443132,0.5,-0.20401944821666929,0.33425498568815537,-0.15462555810406994,1.5030409331474737,0.6126351004618482,0.004155066494174265,0.563085408768959,0.379830321332598,-0.04841572317683851,0.015445901023805053,0.061647524983106106,7.0,50.0,0.2,raw
XS L10 top50,1645,0.30605103721602056,0.061035120478102334,0.32418599946472565,0.344353069051656,0.5148285198617037,-0.5630507830528921,-0.11537497271041036,15,0.10840073811311757,0.4444444444444444,-0.11344415350192638,0.1834912264806099,-0.33028101373625485,0.7310388826341866,0.5275862182397137,0.005330062116989477,0.5632285852093037,0.18184292667871715,-0.2916878633862179,-0.15752582358343314,0.18466789523506488,10.0,50.0,0.2,raw
XS L14 top50,1645,1.3097662335511546,0.2041209417143297,0.31891122256025756,0.7411441465840444,1.14201343382116,-0.410820402723424,-0.11169825929183042,21,0.4968617438694975,0.5555555555555556,-0.1990135765367691,0.29167250833347613,-0.1460250608209713,1.5734002031165053,0.449049702408365,0.007183018105980013,0.6441163255211142,0.08407701578831195,0.11476331090516956,-0.11431815581659333,0.3125472329517873,14.0,50.0,0.2,raw
XS L21 top50,1645,-0.16188677772172666,-0.038427451554900016,0.454634454746308,0.2414876114049853,0.28829297695061545,-0.7431859051628043,-0.12211872892556808,11,-0.051706378293708354,0.5370370370370371,-0.7015375624887923,0.2562946989410422,-0.4906852643053362,0.5126622919252013,0.3726189598985951,0.0076664871672834515,0.7122024252673318,-0.496638246930203,-0.013885313323146575,-0.06681132100181952,0.0567456831454356,21.0,50.0,0.2,raw
XS L28 top50,1645,1.3279156038400974,0.20621393128675325,0.3186016414159861,0.7473236557156887,1.138303011594042,-0.38240544979385416,-0.0975402605545522,20,0.5392546873950629,0.5,-0.17203087927983585,0.19896396180682396,-0.2056156928939578,1.5865188939510784,0.3216804826379294,0.011651902306139446,0.6387310311969328,0.2972494485102868,-0.1613391178059813,0.14283259025849815,0.14252853541594646,28.0,50.0,0.2,raw
XS L42 top50,1645,2.3067177735343307,0.303905663359471,0.3809701932050733,0.8703800396747308,1.6485864461297788,-0.47011693031361923,-0.10463913597690028,18,0.6464469661978197,0.4444444444444444,-0.10204240032671086,0.33477828221735706,-0.23193562919349336,1.847759491219944,0.26747630451277865,0.010028018280926393,0.44305261777674776,1.7277099506146993,-0.29545514537177764,0.0677256284483736,0.11673071170542682,42.0,50.0,0.2,raw
XS L56 top50,1645,1.611236170684101,0.23734754102109457,0.38894609937924474,0.7258219784804238,1.3363072404384253,-0.4427904493802852,-0.10892283254023717,19,0.5360267850250119,0.5,-0.10898781522895229,0.3299815707686302,-0.2249321425015082,1.540872249522679,0.24423959525783234,0.009142291685173488,0.4559662580503605,1.3466944667257037,-0.294677337203221,0.15995358294460194,-0.06586457048451155,56.0,50.0,0.2,raw
XS L90 top50,1645,0.17326217659036902,0.03609049691674304,0.2987044943437752,0.2695057575854094,0.3704828021087577,-0.4866155711970981,-0.15438287052817903,5,0.07416634208387261,0.5185185185185185,-0.23726783509395422,0.23621988373087266,-0.26144401267786604,0.572142970676306,0.19526511313745357,0.00603718084552209,0.39443855925799975,0.021014542681666137,-0.2359179340486457,0.06460428857360245,0.013060870753402565,90.0,50.0,0.2,raw
XS ens7-56 top20,1645,2.823672140388784,0.3466149330122321,0.3507099314771447,1.0234482200936896,1.5691198923692538,-0.37246836325962773,-0.09209488593504574,28,0.9305889229862603,0.5555555555555556,-0.13759802803632615,0.3337653722314622,-0.11952045192812888,2.172713155459068,0.4248936170212767,0.0012816442477203618,0.8245435890638926,0.344619769772347,0.1808614754104414,0.11259114667876013,0.18629406324512487,,20.0,,ens
XS ens7-56 top20 invvol,1645,2.097812547042352,0.2851609539125666,0.3212387739736832,0.9415914345711681,1.4129355316330494,-0.3411715302196776,-0.08827350099681372,25,0.835828692180012,0.5555555555555556,-0.12087356475888589,0.25302961883305763,-0.12849680153417364,1.9989365918024398,0.4835188997731601,0.00454186816046455,0.75125671865046,0.20172302924651198,0.16818351094890027,0.13341069085163837,0.11173827929167413,,20.0,,ens_iv
XS ens7-56 top30,1645,2.3356918695219906,0.3064321123170164,0.32736162595026985,0.9797857837224289,1.509788427791572,-0.3682804581496054,-0.08342821193855211,23,0.8320618309661585,0.5370370370370371,-0.11027087211811581,0.25523786759455724,-0.12500523894557738,2.0800206791415574,0.4249471703575046,0.007178481478216818,0.8245435890638926,0.18687422366082318,0.052229379168519996,0.013919191120090879,0.4438205480222126,,30.0,,ens
XS ens7-56 top30 invvol,1645,2.020023243068651,0.2779293406556871,0.30342435597444684,0.9597622066061069,1.4574943507278677,-0.3511362407013753,-0.07999575416641279,23,0.7915142569748385,0.5370370370370371,-0.0956945556367782,0.24857824635840808,-0.12229131578953949,2.037511943901391,0.4813295828190206,0.009531767908242995,0.75125671865046,0.09038644709039745,0.023243562308197907,0.114272953839474,0.3871052514758173,,30.0,,ens_iv
XS ens7-56 top50,1645,1.0762050460653385,0.17597299458666993,0.3140484248928345,0.6727602457917493,1.0203519007971473,-0.3682804581496054,-0.10793114305384842,15,0.47782332918458836,0.46296296296296297,-0.08697989151429886,0.23267845366343698,-0.21218407566663447,1.4282256862665703,0.42881603705311916,0.009606955592582359,0.8245435890638926,-0.015452963085791138,-0.03504958522256174,0.0876386537806344,0.10126008526733599,,50.0,,ens
XS ens7-56 top50 invvol,1645,0.815072746188531,0.1414176222204102,0.3040021373591019,0.5868573846721724,0.8743441082736818,-0.4054547654221524,-0.10967378126923438,13,0.3487876682696494,0.5185185185185185,-0.0956945556367782,0.20537521905195377,-0.2157796018359251,1.2458595706373965,0.48626945770165836,0.007231043405840985,0.75125671865046,-0.09775755546503728,-0.04792336613592596,0.08424882634073638,0.11280764340945293,,50.0,,ens_iv
XS riskadj L14 top30,1645,3.6768390553800208,0.40816017548135086,0.3122691410464645,1.2511369083670605,2.0243318462744697,-0.351800012483237,-0.06773803639251731,39,1.1602051193809988,0.6111111111111112,-0.1748334963622299,0.3320076285793161,-0.09729724338942218,2.656081242527982,0.45499638153133587,0.013605544617491677,0.590293066341812,0.49712547811780206,0.3327167961225517,-0.13850542288727508,0.710907928601094,,,,
XS riskadj L28 top30,1645,4.727363004537944,0.472917427228583,0.29599730662430146,1.4565410278225348,2.2851406026482266,-0.2662990201446608,-0.06465185834555268,47,1.7758887245310986,0.6296296296296297,-0.1596948689165556,0.26708895523378584,-0.07260206677904553,3.092140657908607,0.33128672745694016,0.01738781556961934,0.7570974321842485,1.0668243249395033,0.0713478787991042,0.08743866121607335,0.35369248616716065,,,,
XS residual L14 top30,1645,2.4542210755406635,0.3165930206073049,0.32655550790391613,1.0048677674068476,1.572629326288393,-0.41339062917744696,-0.08902056700368077,26,0.7658446956992053,0.5925925925925926,-0.18297618332710486,0.3154443217166738,-0.12494369773018871,2.133268078322297,0.43576639166304815,0.0044638650895571,0.8507133453350615,0.269890339486595,0.08169565088815411,-0.06669625539320112,0.45585010379949975,,,,
XS residual L28 top30,1645,4.030016432241127,0.43109141133126894,0.40378136752754984,1.0726881387206093,2.031542251701401,-0.308305102782504,-0.08688993257125523,27,1.3982623298823094,0.5740740740740741,-0.1118971554426611,0.4255591549264057,-0.16199343300142235,2.277246259209689,0.3176943117672601,0.008257106626754957,0.7631781976116405,1.2888076603309475,-0.18336057516348225,0.06476532261687029,0.43344045623749516,,,,
XS L14 top30 q0.1,1645,0.38537934418137554,0.07500850890555388,0.5030519778888726,0.39285700746668767,0.5998379463233782,-0.597628345140536,-0.19759023619658284,10,0.12551029333776859,0.5740740740740741,-0.3042463701852107,0.46058660082624314,-0.32808515413979095,0.8340095488748962,0.5577001013171226,-7.255447441742921e-05,0.9430953026628148,0.08474422556156136,-0.13287354345788482,-0.3358372853358126,0.14127507121896077,,,,
XS L14 top30 q0.2,1645,2.1395973932174983,0.288987273227465,0.3309113032120034,0.9318964931472961,1.4415654079996125,-0.410820402723424,-0.0926988841203719,33,0.7034394380408109,0.5555555555555556,-0.1990135765367691,0.29167250833347613,-0.1293481606792489,1.9783548697773397,0.44806484295845994,0.004350126496019681,0.6441163255211142,0.22539453768093853,0.23004696922581536,-0.16344104210731347,0.5144231114046514,,,,
XS L14 top30 q0.3,1645,1.131339899103382,0.1828316665574481,0.26811841173981515,0.7600227005640772,1.1467745310840893,-0.36877003393101093,-0.08948482257131352,27,0.49578775316557316,0.5740740740740741,-0.1614073371695396,0.17335250093310273,-0.13197389086581618,1.6134781296624194,0.3828860906064553,0.003247015038874414,0.5803406154913886,0.1393828336799614,0.2011278882001144,-0.15481450210991143,0.16597987378792434,,,,
XS L14 top30 q0.5,1645,0.23250815371662226,0.04747785324079423,0.18615369624850875,0.3422258508553217,0.49639881500809185,-0.2584157772130794,-0.08505612405913923,15,0.18372660428409476,0.48148148148148145,-0.1098136222311723,0.11425890532887184,-0.09775014169454191,0.7265229385258618,0.2680599407347128,0.0023942131029343603,0.18648428534411554,0.029881971463711743,0.06308893201536447,-0.10051909707408913,0.05482110597639234,,,,
XS L14 top30 n3,1645,0.3802247420154088,0.07411972759374907,0.4762380116366657,0.3849272955864293,0.6010841837030656,-0.6037715768182172,-0.11617371265032006,17,0.1227612071180107,0.48148148148148145,-0.17385375178591933,0.4827139015576125,-0.31896132807704475,0.817175292893035,0.5450861195542046,0.0014183740982776092,0.25269176662867476,0.5940945038917669,-0.19898684907661512,-0.24613320887807744,0.1446092785451989,,,,
XS L14 top30 n5,1645,0.8361101587432669,0.1443398927767685,0.3467427510292237,0.5606234800343025,0.8697071230952385,-0.4602270843581264,-0.11377510043736035,22,0.3136275497085917,0.5740740740740741,-0.17090816553019184,0.282339908775848,-0.14533164756128655,1.1901667191509375,0.45653495440729486,0.006583748407294834,0.3554331481516415,0.19572250263596302,0.09162462449596664,-0.247296917670753,0.37877439733635576,,,,
