ts,mean_bp,t,h1_bp,h2_bp
0,2.642649175061456,1.486707809701206,1.95989340469921,3.495393386197886
1,-0.6004212135877922,-0.36005177729559223,1.0680209742549807,-2.6894022542566884
2,-2.778627959995364,-1.8612313917461776,-6.203161158409761,1.5090752500741682
3,-1.5312050344855619,-1.0192932151544625,-3.772046482121,1.274451243786754
4,-0.8039984565174827,-0.6156958992770011,-1.6467758326784578,0.25120499801831364
5,1.3035962838013604,0.9894982027064526,2.297403448308811,0.05929525865093582
6,2.3623181101590505,1.6770343257538223,2.322952799846273,2.4116056356739524
7,1.0895388507416268,0.7649733191955677,3.1797358114694307,-1.5275022754298975
8,1.5588062250570072,0.8855904372097934,0.8828481608004185,2.405142760304298
9,-0.06584312092548213,-0.046963454695344346,-1.302950291595863,1.4830828434481182
10,2.2867380778154884,1.5864082041922671,2.9329962209066944,1.4775874712601977
11,0.5400519780768694,0.3865022863789434,-0.4318330301844258,1.7569052623930665
12,1.1101637207609332,0.5736005517422526,0.18978424136687388,2.262529260714591
13,2.9505509519677733,1.6012136580616694,6.42179157643356,-1.3956325148291158
14,-1.8215480196980631,-0.8300279951190233,-3.1794955716085047,-0.12132327662115411
15,2.064384012329161,1.0760191874375273,3.30007913258611,0.5172260124458031
16,1.2638678452704903,0.7250239246897662,1.726443628120614,0.6846976185238977
17,0.12926395247014982,0.08044999868008486,-3.5616225700396953,4.750456119009874
18,0.9676851837405844,0.5830289771110113,-1.063783700876805,3.511195540645097
19,-1.9196709604995377,-1.1378082801667189,-0.07202028492439846,-4.23303084745252
20,2.464266401658718,1.3468673412370826,3.4692478059195464,1.2059746160499554
21,3.523320006719577,2.136984048223976,4.375717390402576,2.456071775642507
22,3.787813851174634,2.446179134182524,1.9050089644693768,6.1451887367206695
23,-1.1040667577731276,-0.6919898098011963,-1.2090909580234255,-0.9725707043090561
