name,days,total,cagr,vol,sharpe,sortino,mdd,avg_dd,n_dd,calmar,pos_months,worst_m,best_m,avg_dd_daily,sharpe_gross,t,turn_d,exp,fund_ann,y2020,y2021,y2022,y2023,y2024
B0 EW long top30,1645,4.380066167498716,0.45261473046503187,0.8404007720183766,0.8708044789334483,1.2301368630768115,-0.8291489679791316,-0.17022590087239198,15,0.5458786634785071,0.48148148148148145,-0.34286756789979433,0.7950707519025688,-0.5038092289258882,1.0377199698191302,1.8486605478078622,0.015065882182386211,0.9890577507598785,-0.14021298965897894,0.730394933335136,3.7362509790367504,-0.7751477258434198,1.1580873020929277,0.3528242521383236
B0 BTC hold,1645,4.400776414684651,0.4538536001987472,0.614078504448716,0.9161670451641812,1.3671176763889983,-0.7889081474918238,-0.09283452707354868,26,0.5752933362922975,0.5555555555555556,-0.3749941910407759,0.43815000415817895,-0.39442341113796303,1.146420513675852,1.9449622878273762,0.0,1.0,-0.14254619027355622,1.8784578772072758,0.17728343272174274,-0.6567015878035726,1.3649530906329477,0.9630029935656212
H9 EW long when breadth50>0.5,1645,10.332254224411807,0.7137065056239835,0.5828322509983193,1.2221167450840833,1.7628509771804772,-0.4452018899933776,-0.15102453625921575,23,1.6031075376490427,0.3888888888888889,-0.3325232203895899,0.770177429667483,-0.22085043989381475,1.4746548793596603,2.5944733474722628,0.06122179869425875,0.45835866261398167,-0.13781545560161865,0.09673321964992798,3.622447605233546,-0.31913886844707484,1.078052532108555,0.5798950884477376
H9 EW long when breadth50>0.6,1645,8.319830692275376,0.6409547787362648,0.5539049056875736,1.1775112216573442,1.6969352481447857,-0.44520188999337773,-0.1684726361440521,21,1.439694648973298,0.37037037037037035,-0.3325232203895899,0.658350236187146,-0.20961570375882502,1.4404089767522088,2.499778759458282,0.06880031946426889,0.41398176291793315,-0.1343180214168584,0.34778906515236185,3.4414381341363995,-0.3227274151591085,0.9653374449508283,0.16966596309330217
H10 BTC vol-target 50%,1645,6.382657284202238,0.5582708312453724,0.5433940534185238,1.086926042633937,1.6639005003062508,-0.7239845731266605,-0.09628300897589208,32,0.7711087390085911,0.5740740740740741,-0.2750156979377766,0.6091371786545403,-0.30672486377140734,1.3223063927662795,2.3074723913493473,0.03544387960577791,0.9539195319521838,-0.12013991692658002,2.1000955277489886,0.1186754368756775,-0.6077766981122762,1.6842612928021174,1.0219729861323064
H11 BTC long on weekday 0,1645,0.33611098693865893,0.06640582296912978,0.2993272959242629,0.3624074598092763,0.5750913109525213,-0.47120944142160737,-0.1387968984325396,7,0.14092634215644714,0.5370370370370371,-0.14627648759458012,0.14930467231607003,-0.22754677017164712,0.6777885567757721,0.7693671649475695,0.2857142857142857,0.14285714285714285,-0.022195405927051673,0.30444494487489493,-0.16497290709733892,-0.11561605774503991,-0.028828577614036233,0.4281685712901917
H11 BTC long on weekday 1,1645,-0.3212045350164331,-0.0823744923404558,0.21925832274388063,-0.28062898288285404,-0.3650863727549598,-0.43872401165594177,-0.14450402450790953,6,-0.18775925217664155,0.5740740740740741,-0.18533363114458157,0.12967542595651582,-0.21864191377223863,0.15201521885161837,-0.5957568452821759,0.2857142857142857,0.14285714285714285,-0.021863839483282677,0.005948227423790753,-0.2241895728567077,-0.122081737492157,0.36757377790632617,-0.2755592996178211
H11 BTC long on weekday 2,1645,0.7073840631440811,0.12603190755060756,0.2677821646710573,0.5770067134653941,0.9019742026284492,-0.36300289230365246,-0.14125699163209943,8,0.34719257125142045,0.5370370370370371,-0.17972159128704324,0.18384676956223234,-0.16457409925056918,0.9173505654354909,1.2249472445412999,0.2857142857142857,0.14285714285714285,-0.01953255452887538,0.26410117702340696,0.28176425590962784,-0.21379047342170676,0.1221969114097079,0.19435617778334024
H11 BTC long on weekday 3,1645,-0.5111269809446253,-0.14682636621263556,0.24388833006468819,-0.5286175205808286,-0.7345468918605585,-0.5842211115075562,-0.27437797164043826,3,-0.25131985702084053,0.3888888888888889,-0.13868406075495354,0.10548089781889591,-0.34805444124710183,-0.14739468218837426,-1.1222201755033394,0.2857142857142857,0.14285714285714285,-0.01998965878419453,0.05081874832693534,-0.1514893690042386,-0.18732260297968062,-0.27026221527823635,-0.07545947182043644
H11 BTC long on weekday 4,1645,-0.17509176099012402,-0.041809837753237544,0.24523188319236608,-0.05172722962873583,-0.07521102176178648,-0.5074682970098576,-0.13551551670288658,8,-0.08238906351311515,0.5,-0.18682942054636031,0.2380953163150068,-0.2992938248834439,0.32093703248213534,-0.10981350116522556,0.2857142857142857,0.14285714285714285,-0.018539295227963524,0.018853385951732804,0.04474458498395051,-0.3733614406146991,0.16962974358059024,0.05734885766226672
H11 BTC long on weekday 5,1645,-0.10002975748847975,-0.023113886863002753,0.14122409778220898,-0.0949195909394905,-0.13497559155179142,-0.37529971707912424,-0.13789007971036318,4,-0.06158780785366184,0.42592592592592593,-0.0843728494250805,0.17281291576949798,-0.21417572553319073,0.5610267396427251,-0.2015080390937073,0.2857142857142857,0.14285714285714285,-0.020019065136778112,0.2575467417655726,-0.08170731126364683,-0.15370540924721254,-0.018399138159257977,-0.06186272782448665
H11 BTC long on weekday 6,1645,-0.03963205111222523,-0.008932605260579818,0.1686193333838752,0.030553561393687832,0.046168302105845174,-0.2682252493243058,-0.15154352708803334,4,-0.033302626367510926,0.46296296296296297,-0.09810347953650123,0.18769809803663917,-0.11074919046651395,0.5838580133058292,0.06486319823792829,0.2857142857142857,0.14285714285714285,-0.020406371185410336,-0.003223630306621872,0.04451843443753334,-0.21803020104128312,0.13654662821889496,0.037878646147327055
