name,n,h1,h1_ex,h1_hit,h1_t,h3,h3_ex,h3_hit,h3_t,h5,h5_ex,h5_hit,h5_t,h10,h10_ex,h10_hit,h10_t,h20,h20_ex,h20_hit,h20_t
share at 20d low >= 0.3,94,-0.0017863805567650453,-0.004491226816210673,0.5106382978723404,-0.7372122261844989,0.007816529904159347,-0.0002354139575256927,0.574468085106383,-0.02354167907117561,0.0214191490206561,0.00773451460062409,0.5851063829787234,0.6101363121699477,0.026103927745537724,-0.001315128938697445,0.5957446808510638,-0.0819682077489502,0.06057505612079828,0.0028774714810652635,0.5425531914893617,0.10383949878150821
share at 20d low >= 0.5,62,-0.0019036603908876436,-0.004608506650333272,0.5161290322580645,-0.5812243512914069,0.005806613625808475,-0.002245330235876565,0.5483870967741935,-0.18283210396189192,0.005890031927076361,-0.007794602492955649,0.5645161290322581,-0.5466604903336155,0.01869016619965431,-0.008728890484580858,0.5483870967741935,-0.5253516224423084,0.03810955720580431,-0.019588027433928706,0.4838709677419355,-0.7063747240224685
share at 20d low >= 0.7,33,0.010463000048116719,0.007758153788671091,0.6060606060606061,0.6470044349914817,-0.01114818031800856,-0.0192001241796936,0.42424242424242425,-1.1739630692863277,-0.00485481395200095,-0.01853944837203296,0.5151515151515151,-0.9225942370456529,0.016539227543953677,-0.010879829140281492,0.5151515151515151,-0.546242289074701,0.01601725102571851,-0.041680333614014506,0.45454545454545453,-1.2453724136863211
median coin dd from 30d high <= -0.3,55,0.010657250623961957,0.00795240436451633,0.5636363636363636,0.9135111924310703,0.0221586994969196,0.01410675563523456,0.5818181818181818,1.1624422094046976,0.01665349801824979,0.0029688635982177795,0.6,0.19686441512958236,0.019598675742996733,-0.007820380941238436,0.6181818181818182,-0.4340475879731375,0.00031470009799813695,-0.05738288454173488,0.4727272727272727,-2.394788829644404
median coin dd from 30d high <= -0.4,17,0.03415137330450222,0.03144652704505659,0.7058823529411765,2.151392078403681,-0.004012984775407796,-0.012064928637092836,0.5294117647058824,-0.5369846273441454,-0.0012667291146344717,-0.014951363534666482,0.47058823529411764,-0.6272338679748751,0.009527555509021273,-0.017891501175213896,0.5294117647058824,-0.5665938486630115,-0.0626020439143877,-0.12029962855412071,0.35294117647058826,-2.843872921086575
median coin dd from 30d high <= -0.5,4,-0.023675230987569205,-0.026380077247014834,0.5,-0.581576986960397,0.0857774441620631,0.07772550030037806,1.0,5.66453692355084,0.12449900386961947,0.11081436944958746,1.0,2.4258644424685434,0.042179945485437007,0.014760888801201837,0.75,0.5606172010925697,0.01353942472515516,-0.04415815991457786,0.5,-1.2634000171596607
thrust 0.25->0.65 10d,54,-0.0020334239475950245,-0.004738270207040652,0.46296296296296297,-1.1082848073906757,0.010355555528871506,0.0023036116671864663,0.5555555555555556,0.25928063654952266,0.0211676217580566,0.007482987338024591,0.5370370370370371,0.6440033398499247,0.03849911229850112,0.011080055614265952,0.5740740740740741,0.6738291971300002,0.05166134320657756,-0.006036241433155461,0.5370370370370371,-0.2031110722654377
thrust 0.2->0.7 10d,48,-0.005657390344613693,-0.00836223660405932,0.3958333333333333,-2.017377958534443,0.005729446853982019,-0.002322497007703021,0.5,-0.2703951660426786,0.018989769903787843,0.005305135483755833,0.5416666666666666,0.45183112229421385,0.034562119498591164,0.0071430628143559945,0.5416666666666666,0.4081590846511594,0.06084548747860611,0.00314790283887309,0.5625,0.09898044794576265
thrust 0.3->0.6 10d,67,-0.001960460531340122,-0.0046653067907857495,0.4925373134328358,-1.1357797358209727,0.012718018077548743,0.004666074215863703,0.5671641791044776,0.5923821063984926,0.020896187117937573,0.007211552697905563,0.5671641791044776,0.6884009167143132,0.044997978744116186,0.017578922059881017,0.5970149253731343,1.1012248120038972,0.07325878544461302,0.01556120080488,0.582089552238806,0.5598378286194928
BTC compress<0.6 & 20d breakout UP,9,0.0015117787207443846,-0.00042055002394446447,0.5555555555555556,-0.11790775085995173,0.006769736714106929,0.0009418175376930639,0.6666666666666666,0.07992940172189307,0.03402809808848692,0.024200065637553503,0.8888888888888888,1.2372650489175792,0.03401352447547624,0.014075879741724397,0.4444444444444444,0.31802747150291344,0.028684670131226126,-0.01277593738497219,0.3333333333333333,-0.21044401188969458
BTC compress<0.6 & 20d breakout DOWN,4,-0.01148070858663719,-0.013413037331326039,0.75,-0.6474319933121241,-0.036837753524771,-0.04266567270118486,0.0,-2.3432016204243102,-0.024050345204736426,-0.03387837765566984,0.25,-1.412856911489848,0.010326075392126304,-0.009611569341625537,0.25,-0.1564098312282609,0.03055645364907819,-0.010904153867120125,0.25,-0.11779301151096462
BTC compress<0.7 & 20d breakout UP,19,0.0074812614815954,0.005548932736906551,0.631578947368421,1.2956127978799572,0.02890843869697674,0.02308051952056287,0.7368421052631579,1.7735737491490273,0.02670160325441788,0.016873570803484464,0.6842105263157895,0.7067853385287663,0.03919343178650128,0.01925578705274944,0.5263157894736842,0.6081420380150465,0.04457449377464073,0.0031138862584424165,0.5263157894736842,0.0760795661195207
BTC compress<0.7 & 20d breakout DOWN,10,-0.018137719676873963,-0.020070048421562812,0.5,-1.4040830462359244,-0.0020475986978233645,-0.00787551787423723,0.4,-0.3279128789207578,0.0021948713726201987,-0.007633161078313217,0.5,-0.3258964141667608,0.005185383530967865,-0.014752261202783976,0.5,-0.5761984550469649,0.033384359406763375,-0.008076248109434941,0.5,-0.19320173872275204
BTC 20d breakout UP (any),101,0.0038162815109000618,0.0018839527662112127,0.45544554455445546,0.6582938523345047,0.015067302792688492,0.009239383616274627,0.5346534653465347,1.5192811434364761,0.01487637260270078,0.005048340151767364,0.5346534653465347,0.6020367923866298,0.02863491098364218,0.00869726624989034,0.5544554455445545,0.7456890728354247,0.04701148435603647,0.005550876839838154,0.5544554455445545,0.3286384666397114
BTC 20d breakout DOWN (any),67,0.0006404805294221149,-0.001291848215266734,0.5970149253731343,-0.26178357221270826,0.008348667200072785,0.00252074802365892,0.6567164179104478,0.33141414447103096,0.0030619805554888213,-0.006766051895444595,0.6119402985074627,-0.8236889159922408,0.012564554154905205,-0.007373090578846636,0.5671641791044776,-0.6449887999229476,0.012210172839481986,-0.02925043467671633,0.5522388059701493,-1.5837913668796926
EW basket day < -0.08,46,0.006858935243396706,0.004154088983951078,0.5869565217391305,0.4471309919883252,0.024681950211319078,0.01663000634963404,0.5652173913043478,1.4740882400729696,0.02450006226661321,0.0108154278465812,0.5869565217391305,0.7593250304324232,0.022854238365698987,-0.004564818318536182,0.5434782608695652,-0.2412601390675314,0.06046609689354869,0.0027685122538156706,0.5217391304347826,0.06541877836891062
EW basket day > 0.08,46,-0.00018343607363132007,-0.002888282333076948,0.5869565217391305,-0.47267222737440723,0.0024190351425348246,-0.005632908719150216,0.5434782608695652,-0.4183021040545973,0.009448123847089172,-0.004236510572942838,0.45652173913043476,-0.24818616894786805,0.04875159548741794,0.021332538803182772,0.5434782608695652,0.8099753187574358,0.11683291446611015,0.05913532982637713,0.5217391304347826,1.1562124288589215
EW basket day < -0.12,13,0.0029109386886861373,0.00020609242924050962,0.5384615384615384,0.007180029846494656,0.015229040118062108,0.007177096256377068,0.6153846153846154,0.22524072765249417,0.021349177104199032,0.0076645426841670215,0.6153846153846154,0.2504701007693353,0.05751814915206285,0.030099092467827684,0.6153846153846154,0.636693831934997,0.15814577278592207,0.10044818814618905,0.5384615384615384,0.8498027924663687
EW basket day > 0.12,9,-0.00192254951373473,-0.004627395773180358,0.5555555555555556,-0.2303177667423909,-0.008259416439538418,-0.01631136030122346,0.5555555555555556,-0.34374213291604466,0.024110510045370175,0.010425875625338164,0.4444444444444444,0.2495237287609637,0.08136955798555506,0.0539505013013199,0.5555555555555556,0.7375563469972307,0.14441059662732744,0.08671301198759443,0.4444444444444444,0.5892290437559499
