name,days,total,cagr,vol,sharpe,sortino,mdd,avg_dd,n_dd,calmar,pos_months,worst_m,best_m,avg_dd_daily,t,turn,fund_ann,gexp,nexp,sr_gross,y2020,y2021,y2022,y2023,y2024,top,n_in,n_out,Ls
B legs: long only (0.5x),1645,4.985367011194992,0.4873884311885808,0.49000816038360545,1.0551384721952182,1.5891145146719425,-0.6707558217296745,-0.10129586925836412,20,0.72662571892668,0.5370370370370371,-0.22058771342859185,0.5919531481505791,-0.36970581949274156,2.2399894731945196,0.20872340425531916,-0.057080077348024325,0.4945288753799392,0.4945288753799392,1.2769801781420673,0.6011842041019619,1.4254582932383575,-0.5306159067534546,0.7528630785845445,0.8731791546450347,,,,
B legs: short only (0.5x),1645,-0.65737018279416,-0.21153047397406344,0.4392537312117361,-0.321161017694457,-0.4579496984035467,-0.7386306366374871,-0.4751799229110038,2,-0.2863819390663599,0.5,-0.2841070835270155,0.21700917338766756,-0.5103488046351012,-0.6818036852919548,0.21965552178318135,0.06994889227735562,0.4945288753799392,-0.4945288753799392,-0.35181368575225624,-0.18966877293634965,-0.6222232530651561,1.0536374481217043,-0.3353622776486752,-0.1799910452077612,,,,
B LS no buffer n4,1645,3.1797195634563202,0.3734818428711577,0.3441759585352749,1.0931242742231713,1.7197075795181995,-0.367137084414603,-0.0645702206156996,43,1.0172817149939275,0.6666666666666666,-0.2070445172499743,0.28114922564971434,-0.12527403740443577,2.320630828728112,0.4273150962512665,0.012868814929331304,0.9803951367781155,0.0,1.3762074314500816,0.3854333588215346,0.1719810246593203,0.16770814191856775,0.2611426958437628,0.7480038547455148,,,,
B top20 in3 out3,1645,4.387343840368261,0.4530504970055338,0.38790362458915534,1.156647180670326,1.815018034868205,-0.37483116230206315,-0.07647988371399449,41,1.208678846825538,0.6111111111111112,-0.22501948817301864,0.37036551312787513,-0.12043456801446134,2.4554857747830225,0.47806484295845997,0.022339812426545085,0.9829787234042553,1.6366509633531943e-18,1.4149746596111439,0.49565750335404823,0.5521147928893646,0.16815132136151645,0.2525305396704163,0.5861025895673784,20.0,3.0,3.0,
B top20 in3 out5,1645,4.858498567095198,0.48033458047771105,0.354628409967404,1.2833434609477687,2.001337555090413,-0.3762284274940837,-0.08423493442201946,41,1.2767099596302154,0.6111111111111112,-0.1846510624891613,0.31887600563014784,-0.08736855514667595,2.724453632171381,0.3145086119554204,0.015919649086879435,0.9786018237082067,8.098891365046734e-19,1.467114539019813,0.3763869459335185,0.5241190827947126,0.22258176100256932,0.3358962488396553,0.709921761543606,20.0,3.0,5.0,
B top20 in3 out7,1645,3.5215570230283264,0.39764943073505377,0.32364973213882114,1.1962852809467228,1.8341361928403022,-0.38038679978989276,-0.0764630296014105,38,1.0453817823191973,0.6666666666666666,-0.15748532103762602,0.3260288303542265,-0.08787443276561022,2.539634850659132,0.23443045303227678,0.012604842911636997,0.9738225502967144,-1.4763604050866443e-18,1.3447965649943041,0.34100870141742745,0.34955287083842057,0.1326491643877088,0.21727048791896575,0.8121077225301827,20.0,3.0,7.0,
B top20 in3 out9,1645,3.2828622815950332,0.38093108598225767,0.2959174136624717,1.2389467374758647,1.8799614727880534,-0.3745524912820919,-0.06857488252453961,39,1.0170299086206365,0.6666666666666666,-0.15628381058530216,0.24034363046024598,-0.07976963304180186,2.6302023127076044,0.18677353210787861,0.014317682624800985,0.9717202200028948,-9.617433495992998e-19,1.3534525735926848,0.2966893048366004,0.26891322085735303,0.24958133709583974,0.22743525652748242,0.6970832010722772,20.0,3.0,9.0,
B top20 in4 out4,1645,3.1797195634563202,0.3734818428711577,0.3441759585352749,1.0931242742231713,1.7197075795181995,-0.367137084414603,-0.0645702206156996,43,1.0172817149939275,0.6666666666666666,-0.2070445172499743,0.28114922564971434,-0.12527403740443577,2.320630828728112,0.4273150962512665,0.012868814929331304,0.9803951367781155,0.0,1.3762074314500816,0.3854333588215346,0.1719810246593203,0.16770814191856775,0.2611426958437628,0.7480038547455148,20.0,4.0,4.0,
B top20 in4 out6,1645,4.966418838215768,0.4863423545703167,0.3118363469415245,1.4268067774304836,2.243689260463713,-0.33095386540238536,-0.06715542254305192,48,1.4695170699366347,0.6296296296296297,-0.15033076960752367,0.31448532877622903,-0.07890067148447692,3.0290168029581235,0.29526849037487335,0.012898864599037486,0.9751165146909827,-9.533070044273761e-19,1.63100369201712,0.3763081107437618,0.5946274542496741,0.1622147264651297,0.2534748636916868,0.8661082274354714,20.0,4.0,6.0,
B top20 in4 out8,1645,4.2944418631244305,0.4474530258121816,0.28555548897032307,1.437675091364628,2.2583337432897803,-0.31915295564796275,-0.05784700413874454,49,1.4020018235574119,0.6666666666666666,-0.11312145298089404,0.3275086819629187,-0.07472951007566746,3.052089517531034,0.21990447242726877,0.011556279359096828,0.9724381241858445,-2.783993906734815e-18,1.5971569766536735,0.31162192225641805,0.5760092968532582,0.18352625278294488,0.28997581785024584,0.6776187720970459,20.0,4.0,8.0,
B top20 in4 out10,1645,3.3192482632944573,0.3835256733748267,0.26353305871525307,1.3634562307358498,2.1385938669709073,-0.3211230602260917,-0.06499885297609628,40,1.1943261661270899,0.6296296296296297,-0.138362558382902,0.31628155814460723,-0.07469305807031644,2.894527765304265,0.17209316350653736,0.01111601460823443,0.9691906691754716,-3.4335924849729387e-18,1.490910438253431,0.2702198532421982,0.5969271176638977,0.08041985640069726,0.3169595122656208,0.49650852233377174,20.0,4.0,10.0,
B top20 in5 out5,1645,4.261425213135705,0.44544531769657336,0.30530274424751336,1.3586184356718272,2.1845936048209826,-0.306834424357896,-0.06031924861194433,47,1.451744922782848,0.6111111111111112,-0.13548401554278455,0.31395511418131394,-0.08393664228091025,2.8842574450548883,0.3775177304964539,0.013336244690729485,0.977386018237082,4.1338091342426043e-19,1.6351485101828138,0.3127407942244482,0.3798810219429076,0.17192369900008875,0.3372850576132973,0.8533585667335577,20.0,5.0,5.0,
B top20 in5 out7,1645,3.5543692307081693,0.39989357114138757,0.2791486571327249,1.344036832060606,2.1612437050817217,-0.3028540898959815,-0.06292083423619191,47,1.320416611440629,0.6481481481481481,-0.1109432878336033,0.28671025059121025,-0.07333018119132403,2.853301661096527,0.27310392242003184,0.010509383765161383,0.972760167896946,-4.808716747996499e-19,1.5606322920751197,0.2693797334453716,0.47683545757763635,0.16261005796379036,0.2196535999297482,0.713302260443913,20.0,5.0,7.0,
B top20 in5 out9,1645,2.8904189802737035,0.3517956664293629,0.2573647832533756,1.2995876026533204,2.043496162972053,-0.2868561683868037,-0.05971405202517008,44,1.2263834813375643,0.6481481481481481,-0.1064996386532564,0.2825882407208231,-0.07002643641822247,2.758938874990566,0.20732739904472425,0.01075785754950065,0.9705553143243113,2.0247228412616836e-19,1.4669790763196338,0.28173273170224045,0.33495720203892976,0.22052882002375074,0.18619508755718983,0.5704618746918897,20.0,5.0,9.0,
B top20 in5 out11,1645,2.156097950193687,0.2904873520084954,0.23996496022007902,1.1824311014978672,1.8446957024576132,-0.2611911987143758,-0.056759568151964625,38,1.1121636312338237,0.6111111111111112,-0.10813736219641423,0.24753853235857215,-0.06980668944749426,2.5102233402811436,0.16508092211739625,0.00980303291884433,0.9659506046132186,2.1175226381528443e-18,1.3203132290405555,0.24308989938177716,0.3350355334026416,0.08377785229417656,0.3019231679892507,0.34781251094151155,20.0,5.0,11.0,
B top20 in6 out6,1645,3.5191181708875776,0.39748212384364856,0.26953852205635964,1.37588272493612,2.207473642500766,-0.24544589741942158,-0.058211401601231574,49,1.619428672561698,0.6666666666666666,-0.10987882580424935,0.2568751668990692,-0.06250065830617928,2.9209083939428995,0.3465856129685917,0.009810627918367346,0.9736141265016645,2.5309035515771044e-20,1.671825613827501,0.3195206345136865,0.46838758257959534,0.10062303361455371,0.25346171524556294,0.6906244186831059,20.0,6.0,6.0,
B top20 in6 out8,1645,3.078988606266499,0.3660674192769666,0.25193439372020576,1.3638142773634263,2.1479397029494565,-0.25349020549437085,-0.05073791276605933,50,1.4441087321817478,0.6666666666666666,-0.10975005284433736,0.25728196978051177,-0.06829884843613712,2.895287874709636,0.2516825879287885,0.008526704572134173,0.9705601389491966,-1.6029055826654996e-19,1.5890086150098026,0.2863464960200939,0.46283546270944687,0.15984510532331386,0.20586127570778778,0.5498929451741108,20.0,6.0,8.0,
B top20 in6 out10,1645,1.9633843126462667,0.2725722209924464,0.23014162331675242,1.1619989397014294,1.8306953657172726,-0.23282492010917,-0.05823161521488267,39,1.170717554051513,0.5925925925925926,-0.10287131906324398,0.25949508211214534,-0.06463178474404817,2.46684720667907,0.1910097939885174,0.007674606939294156,0.9657369614512472,5.821078168627341e-19,1.343783323952419,0.1542166606964579,0.37124652827735205,0.08719780536253241,0.23396199167676812,0.3956443048147935,20.0,6.0,10.0,
B top20 in6 out12,1645,1.3835873211622505,0.21255577967249906,0.21123481241764086,1.0176566654405241,1.5883793538334408,-0.22765077862333505,-0.05809331977944645,31,0.9336923025604416,0.5555555555555556,-0.0856966477616602,0.19017933120128805,-0.0651528810472874,2.160418066427264,0.14993298157431895,0.007754384878447961,0.9460767466238591,1.6239964455953088e-18,1.1653554233820234,0.20899168484577668,0.3608647882375102,-0.006855828967328059,0.23362273611409612,0.18249173175406974,20.0,6.0,12.0,
B top30 in3 out3,1645,4.906247353492996,0.48300322161339504,0.4094865815603839,1.1655235451797266,1.8749117184334865,-0.4307399018767213,-0.08071233737667999,46,1.1213338246792646,0.6111111111111112,-0.20257692680076644,0.4026090478697404,-0.10958007928293341,2.4743297119393732,0.5292299898682877,0.03169918939209726,0.9829787234042553,4.049445682523367e-19,1.4213651416681827,0.49565750335404823,0.5279458325661046,0.02760313202675757,0.3430422263084716,0.8726492120408185,30.0,3.0,3.0,
B top30 in3 out5,1645,2.5504170255367966,0.324641818563979,0.37287699030607735,0.9390368087837712,1.4776865558897758,-0.3944887934549616,-0.08940800666186238,39,0.8229430694868219,0.6111111111111112,-0.1599454628366236,0.31011858045854335,-0.10746852795008886,1.9935132895321557,0.36377912867274576,0.029380814417426543,0.9786018237082067,-2.6996304550155784e-19,1.111710395492424,0.3763869459335185,0.2835585231807385,0.0809983879868279,0.17441730673529077,0.5829808415032136,30.0,3.0,5.0,
B top30 in3 out7,1645,3.5467110368956005,0.3993709290239409,0.3477385735535543,1.1392622060174076,1.793916346230922,-0.37466728210705524,-0.08038741781207513,41,1.065934892360916,0.5555555555555556,-0.15849449119198844,0.2989755493562891,-0.08479341748344406,2.418578618764655,0.28043421623968734,0.025909730443913735,0.9738225502967144,-1.4763604050866443e-18,1.2730725874494544,0.34100870141742745,0.4809342848117397,0.1505302226141898,0.18320863489393702,0.6817855187669988,30.0,3.0,7.0,
B top30 in3 out9,1645,3.1189177817347424,0.3690233166620329,0.3275167455688308,1.1223581986893323,1.733204135506444,-0.3497860984442688,-0.07331074989179917,39,1.0549970919465492,0.5925925925925926,-0.15628381058530216,0.31174496427871845,-0.07630785277736193,2.382692524695017,0.22967240797028032,0.02547157152002219,0.9717202200028948,1.0967248723500788e-19,1.225547299613944,0.2966893048366004,0.5608002819761013,0.015669447301444484,0.18799806477232273,0.6866762812228151,30.0,3.0,9.0,
B top30 in4 out4,1645,2.868744509899015,0.35012097971718315,0.36008940383123395,1.012120435666129,1.628458287562519,-0.36690015323770075,-0.08487635413025499,31,0.9542677391316132,0.6296296296296297,-0.14376402035262437,0.4029877246567841,-0.10356598560684342,2.148665015294525,0.4788956433637285,0.023853203642857146,0.9803951367781155,-1.6872690343847364e-19,1.2877821498331394,0.3854333588215346,0.2725991339409142,0.034381443893216845,0.005984400083688168,1.1087292353748412,30.0,4.0,4.0,
B top30 in4 out6,1645,2.5087437840671534,0.3211760790649163,0.3326058650632073,1.002599898747767,1.5768758759107109,-0.34414975085752764,-0.09642519380879803,27,0.933245130251098,0.5925925925925926,-0.1659717539174852,0.3839928039006075,-0.09353337764845727,2.128453542546382,0.3443740049211174,0.021311671107396152,0.9751165146909827,1.1557792885535445e-18,1.204881798160658,0.3763081107437618,0.3418459848004429,0.07278731276007178,-0.009801993073056625,0.7885358078698896,30.0,4.0,6.0,
B top30 in4 out8,1645,3.5462569638100847,0.3993399187865121,0.31098171464732205,1.2353819724882575,1.9444583857513853,-0.33605039633332157,-0.07524916735462367,32,1.18833342600916,0.5555555555555556,-0.1378404678752685,0.3156931866279442,-0.08756833992194284,2.622634551454392,0.2672152265161383,0.017855423706343177,0.9724381241858445,3.9650822308041304e-19,1.400012812360062,0.31162192225641805,0.8335987976880697,0.008873855189461155,0.03871552707423476,0.8038794283001922,30.0,4.0,8.0,
B top30 in4 out10,1645,2.9872815177207297,0.35919225960103107,0.28962532342688735,1.203991918838591,1.8716004428021673,-0.3093747116237745,-0.06563022984492949,36,1.161026567801181,0.6111111111111112,-0.1323772286023127,0.27022696463602247,-0.08240485930572446,2.5559955352578005,0.21808052298933758,0.015483061400202636,0.9692775124234091,-1.7885051764478205e-18,1.3451703954596392,0.2702198532421982,0.5999938503338633,-0.029696338378155662,0.0895194807583386,0.8558249949392225,30.0,4.0,10.0,
B top30 in5 out5,1645,2.4854675412493754,0.31922635684876277,0.32437420621430946,1.014684590805056,1.6424338399625857,-0.34654382239303283,-0.08164296940543736,33,0.9211716851403343,0.5555555555555556,-0.16442296126269818,0.31049521777470823,-0.09277050566093907,2.1541085477503965,0.43225937183383994,0.021624763688196554,0.977386018237082,5.061807103154209e-19,1.2907386923595718,0.3127407942244482,0.5576344267589863,0.16630377497466586,-0.11197783556397045,0.6458150787907857,30.0,5.0,5.0,
B top30 in5 out7,1645,2.6704982618420896,0.3344543707114276,0.29574842448527594,1.1227778771705912,1.778183592580056,-0.34181388056041506,-0.07551351203848573,38,0.9784692481273103,0.5555555555555556,-0.14654716759397912,0.32363400292486366,-0.08164324604035471,2.383583474465989,0.32764075843103196,0.018631713677015486,0.972760167896946,-7.255256847854367e-19,1.3448652173505888,0.2693797334453716,0.6409592406640425,0.12504394014153886,-0.06624192987138355,0.6773813717806261,30.0,5.0,7.0,
B top30 in5 out9,1645,2.566752218787455,0.3259916960544871,0.2794882081126739,1.1486722072355355,1.8196500650162892,-0.28156718252828283,-0.06174853555110159,38,1.15777589251454,0.5740740740740741,-0.128886634400723,0.3116102224602806,-0.0772095845617208,2.438555431502324,0.25780986153326574,0.015282375543313069,0.9707832778501472,-2.868357358454052e-19,1.3324023802981384,0.28173273170224045,0.7434839901318804,0.024968969751471226,0.02357787805637912,0.5213386279308472,30.0,5.0,9.0,
B top30 in5 out11,1645,2.6245648634961753,0.33073080235567875,0.2618902446899584,1.2215817545576275,1.9179768057221083,-0.2495627227808892,-0.05765493210253092,35,1.3252412005700605,0.5925925925925926,-0.10735553687262545,0.24764587017847428,-0.07708267627039424,2.593337597825085,0.20726213502809243,0.014364467883897595,0.9669348280898433,5.146170554873446e-19,1.3714828062085997,0.24308989938177716,0.7209235652917887,0.01007959047632756,0.03404925820025739,0.6221646517242316,30.0,5.0,11.0,
B top30 in6 out6,1645,2.7189408259549146,0.33834226495186304,0.2897036169016932,1.149849297410681,1.8462871148150037,-0.31111123116467676,-0.07313745141648595,38,1.0875282891114026,0.6111111111111112,-0.1536413369608991,0.2464471641933852,-0.08197646328390991,2.4410543164077727,0.400593428860906,0.018557572136741925,0.9736141265016645,-1.484796750258568e-18,1.4423582615869124,0.3195206345136865,0.5306428005949537,0.1743933037229013,-0.08996531445997213,0.7228906618357105,30.0,6.0,6.0,
B top30 in6 out8,1645,3.458883590265546,0.39332752039286967,0.2759235375949555,1.3395467132767622,2.155658247921734,-0.30498852529148546,-0.06329026127705051,41,1.2896469466087497,0.6111111111111112,-0.12941544995449372,0.29162636475422676,-0.07726137645185023,2.8437694346881033,0.3091764365320596,0.014714749332458869,0.9710594876248372,3.1214477136117626e-19,1.5763371888977025,0.2863464960200939,0.8534671784906429,0.06236434966280058,-0.019397236495225068,0.7952158138941932,30.0,6.0,8.0,
B top30 in6 out10,1645,2.1175501508376895,0.28697333674338954,0.25680805813251145,1.1102261758647403,1.755575224222192,-0.26287858995558144,-0.06409572233402792,32,1.091657319037961,0.5740740740740741,-0.11222858385901813,0.23612720475917137,-0.07844002244238028,2.3569370393897535,0.24462416172142612,0.013326017716776425,0.9670601148260722,1.771632486103973e-19,1.3049183886990772,0.1542166606964579,0.6609242662334545,0.02853163325484198,-0.05104622332505615,0.6661479671403101,30.0,6.0,10.0,
B top30 in6 out12,1645,2.432347372314441,0.31473853540692076,0.2407217813453021,1.2566674821099124,2.000178385742759,-0.27376601376291976,-0.050599723791666676,40,1.1496625570166026,0.6481481481481481,-0.0856966477616602,0.18820726045033753,-0.07373950550401952,2.667822286278325,0.19701162734597386,0.013582771805480443,0.9487028338092168,8.900344156379485e-19,1.4126764331717268,0.20899168484577668,0.6463993626000089,0.05800188660134631,-0.015985103454215444,0.6563214112236169,30.0,6.0,12.0,
B L7-14 in4 out8,1645,2.2536370033203483,0.29923215499300615,0.29651347132193195,1.0291554517920358,1.6735829690929167,-0.26642671977326216,-0.07497584209295986,38,1.1231311756105486,0.5,-0.13014172292581938,0.31056885603888973,-0.10052429506933476,2.184829232412248,0.33020480532638585,0.011511044939209727,0.9728035895209148,-1.1051612175220023e-18,1.2792488259650616,0.22949024934373696,0.4779170959864083,0.25063004416338663,-0.07955383699014351,0.5554880806931166,,,,"(7, 14)"
B L14 in4 out8,1645,2.641524818984616,0.33210990583414324,0.29124184741076065,1.1289346940750515,1.803725488454187,-0.31605887779837405,-0.07588704343609644,31,1.0507849301610466,0.6296296296296297,-0.17244965138933976,0.3986672174001187,-0.0938622228701542,2.3966539911970153,0.2736864958749457,0.010796955646602257,0.9720943696627588,4.150681824586452e-18,1.3353117954108285,0.3228461135424603,0.23642117015806918,0.16862708032526075,0.12868472367889527,0.6879474547742503,,,,"(14,)"
B L14-28 in4 out8,1645,4.2944418631244305,0.4474530258121816,0.28555548897032307,1.437675091364628,2.2583337432897803,-0.31915295564796275,-0.05784700413874454,49,1.4020018235574119,0.6666666666666666,-0.11312145298089404,0.3275086819629187,-0.07472951007566746,3.052089517531034,0.21990447242726877,0.011556279359096828,0.9724381241858445,-2.783993906734815e-18,1.5971569766536735,0.31162192225641805,0.5760092968532582,0.18352625278294488,0.28997581785024584,0.6776187720970459,,,,"(14, 28)"
B L28 in4 out8,1645,2.6209888570962976,0.33043937766071774,0.27411408933795306,1.1792644754588955,1.7515519469898801,-0.3080298024798258,-0.06319841672425094,39,1.0727513214646158,0.6111111111111112,-0.21421104349197462,0.23981559439106648,-0.07923823765697967,2.5035008017899796,0.18190838037342597,0.012191730479429003,0.9720075264148212,3.501083246348328e-18,1.306801816967693,0.31751227038014784,0.3755727845475194,-0.019092400158791656,0.4384745721865755,0.4159850115202248,,,,"(28,)"
B L14-28-42 in4 out8,1645,3.0560699211965074,0.3643605989689269,0.2825256105982981,1.241566796111094,1.85665131405828,-0.3266345241598111,-0.06031221055837343,45,1.1154993487175218,0.6111111111111112,-0.1424519816397105,0.21983703377763475,-0.07558970763038066,2.635764524603694,0.18663627152988854,0.012936551096016066,0.9713887682732668,-8.697871872253317e-18,1.3672551733076475,0.29128134291136254,0.538279319200941,0.0315550085600913,0.4813697546560445,0.3362677592013883,,,,"(14, 28, 42)"
B L21-42 in4 out8,1645,2.671172890993105,0.3345087883532716,0.28627062738996517,1.1517254553779228,1.709374873197202,-0.30150321046056383,-0.06555223189997142,31,1.1094700711222603,0.6296296296296297,-0.15358959557885632,0.2689136491095738,-0.09033456051454264,2.4450372761873815,0.1769040382110291,0.012978543260366914,0.9719532493848603,-2.1597043640124627e-18,1.2664048889559019,0.3223142503925964,0.4258710168321551,-0.03154132499554729,0.30450744088531123,0.5412115809628111,,,,"(21, 42)"
B L7-14-28-56 in4 out8,1645,3.8089086391255256,0.4168880955087422,0.2816600824349255,1.3777017832272367,2.1751533100850255,-0.3122714590406649,-0.06184886866163886,43,1.3350182459500848,0.6111111111111112,-0.10542092727600472,0.3090803655313197,-0.08030699247178251,2.9247701348713213,0.24055145462440294,0.013479892491840357,0.9724562165291648,-5.686096645876562e-18,1.5517459574412942,0.29682609272495264,0.5604228959233941,0.09054963856747023,0.3833930700374073,0.575184531007537,,,,"(7, 14, 28, 56)"
B L10-20-40-80 in4 out8,1645,3.3935437927384537,0.3887711145997168,0.28290849246423927,1.3021000309724928,2.037474876254312,-0.330394016174708,-0.060498652082057985,38,1.176689333241858,0.5925925925925926,-0.09379028907312159,0.41418274931140475,-0.11199738986602041,2.764272594815409,0.19612896222318715,0.011268523741442323,0.9711137646547982,-6.065732178613127e-18,1.4430789903312926,0.3318171296471133,0.8858507359360228,-0.05178227274316738,0.14910423518234595,0.6054454436637997,,,,"(10, 20, 40, 80)"
B L42 in4 out8,1645,2.535009589419471,0.32336417136387885,0.289310183581857,1.1095675322786667,1.834048369932066,-0.2833206742899429,-0.06611472345450822,37,1.1413363044341638,0.5925925925925926,-0.13210681567596905,0.25058329344001695,-0.07587297342332683,2.3555387824421867,0.14358300767115356,0.01024409707653061,0.9703900709219857,5.989805072065814e-19,1.2023355652773597,0.10140708292450973,0.8335948361983563,0.04142728406371732,0.5180694395964736,0.10718135857270861,,,,"(42,)"
B L56 in4 out8,1645,1.1959324770733013,0.1906934277156025,0.30189069861845474,0.7227230600316037,1.2151217240768437,-0.2404763164853686,-0.06325395937753718,34,0.7929821551770356,0.5740740740740741,-0.10751920138415993,0.18289553557077332,-0.09244772852574583,1.534293449785424,0.12776812852800695,0.015123488436170214,0.970987118251556,8.605072075362156e-19,0.7813020938369951,0.18363180479665697,0.5851798494370786,0.0171261799766822,0.28760878924439615,-0.10635496443006176,,,,"(56,)"
B vol span 14 in4 out8,1645,3.02181624862574,0.36179558589189154,0.28284116658872094,1.2330698067620145,1.9065088285063327,-0.3137449217383047,-0.05999286230372789,44,1.1531520060543514,0.6666666666666666,-0.12657269238328106,0.30655590125406706,-0.072412581152328,2.6177259759227933,0.23079678679982632,0.008166812077254304,0.9723078593139383,-4.108500098726833e-18,1.4149768649726888,0.24758918465773583,0.4260027806928388,0.13595619533946857,0.2763532949842247,0.5591854107681757,,,,
B vol span 60 in4 out8,1645,2.500742098960581,0.3205069604064503,0.2858726027586465,1.1155445543072398,1.6849342467611068,-0.3227927813010636,-0.07123809005573563,39,0.992918612103406,0.6296296296296297,-0.1312611006767187,0.23249618810077255,-0.08367987800763463,2.3682276064950156,0.22142857142857142,0.013261630417607468,0.9715154146765089,-3.1889384749871517e-18,1.2698112012372105,0.3175113974834971,0.2510667180784345,0.11119617165624618,0.22063746953222996,0.565841618258923,,,,
B vol span 90 in4 out8,1645,2.481579479063449,0.31889968853744,0.2879888637729389,1.105144494353225,1.678369533851253,-0.2809716637128974,-0.06276138884419237,43,1.1349887896997977,0.6296296296296297,-0.1531894926418107,0.25426393989954343,-0.07895419483451546,2.346148964277452,0.22470762773194383,0.013685969914875525,0.9715515993631495,-2.514030861233257e-18,1.259314388250854,0.32654152388465163,0.19263823416414616,0.17329121190430352,0.18886947438893453,0.5776357641272332,,,,
B in4 out8 weekly,1645,0.6987087495412934,0.12475989356990724,0.2670839000823189,0.5748893575946312,0.8085591390261521,-0.32681580864277704,-0.06329073569111952,24,0.38174375373094294,0.5555555555555556,-0.16622129025262444,0.21252378883864376,-0.08938347756541964,1.2204522375005196,0.12056013894919669,0.008288655464358084,0.9714285714285714,-8.183254816765971e-19,0.6598302224327707,0.3156358028003239,0.09506974370833432,0.043643996467388035,0.023877801033452828,0.10342026086624845,,,,
