coin,pnl,n
ORDI,-155.97987856500748,9
TIA,-152.90273014707813,10
DYDX,-124.77698887514246,16
EOS,-115.11028998898085,41
1000RATS,-113.0834989594234,4
PEOPLE,-104.41885728497425,11
OP,-98.27251510028697,22
LTC,-68.02884450145211,59
CHZ,-61.454177295657715,8
BOME,-59.44320909826793,4
JASMY,-57.95154323829283,3
WIF,-51.455304671668856,8
UNFI,-50.88481356488714,10
APE,-47.01854667288357,16
ARPA,-42.07786698128525,3
MTL,-39.302151530919964,6
INJ,-35.84804012178426,11
ZEC,-31.87516531576405,13
RVN,-30.579928487472674,1
kBONK,-28.30898926621625,5
BCH,-25.894893260712294,42
LUNA,-24.75304083638902,23
KNC,-22.96831483181302,6
IOST,-22.95596539349004,7
RSR,-20.501696550916066,2
CTSI,-20.11872480462697,3
TOMO,-17.90276575454397,7
BNX,-17.426838225366,2
OGN,-17.34391894230476,5
LINK,-16.9554331341817,70
UNI,-16.456967827703195,10
API3,-14.086754233716196,3
KSM,-13.807909031005071,3
STX,-13.76523920566661,2
CRV,-13.66378616900294,12
CFX,-12.27279180618853,2
ONE,-12.147902656188155,1
XLM,-9.992876904749853,22
IOTA,-8.488832932514498,2
SEI,-8.266132678039734,4
STMX,-8.17879222837647,5
KAVA,-7.462039779185483,1
ICP,-7.213766463722181,5
ATOM,-6.905730431517146,27
CHR,-6.796701361804202,1
XTZ,-6.783408299446233,14
MANA,-6.184069019060543,9
NEAR,-6.135580840852247,36
LDO,-6.053051909584653,4
BAKE,-5.83975224280054,1
LEVER,-5.739261469874822,1
STORJ,-4.275216209899909,9
BAND,-4.149017895565429,3
DASH,-3.715448159082978,5
XMR,-3.5972676120569034,7
ENS,-3.3865603176112717,6
kSHIB,-3.2774743542830933,42
KLAY,-3.143099397920359,2
SRM,-2.59946937686568,1
SFP,-2.41217652806764,2
ALGO,-2.404137361350359,5
ALICE,-1.9576324246028798,1
QTUM,-1.6538905152180636,1
LQTY,-1.5647763839059197,2
RNDR,-1.15019180171571,1
NEO,-0.9429491355169863,8
MKR,-0.33261657972134806,10
MINA,-0.08202824817407066,1
UMA,0.3536571903688879,3
ZIL,3.719770959888905,6
TRX,3.754751893892153,24
MATIC,4.26049326006188,40
RLC,4.365786112504042,3
COTI,4.544749932973287,1
1INCH,4.71648338347567,1
TON,5.720525834500513,1
FLM,6.423157879389745,5
MASK,6.9389046949617885,8
SNX,9.545690129908543,2
LIT,10.964480216610411,1
WAVES,11.673195804751346,15
RUNE,12.555418845223294,10
BEL,12.708380564444177,2
SAGA,15.285467713853794,1
SXP,19.074176029409458,10
BNB,22.394245889083862,80
DOT,24.94666149964366,39
LINA,26.326039273855482,7
AAVE,27.339683820511198,10
BLUR,27.818744856036133,2
COMP,28.840911394645047,6
FIL,29.11265615575418,35
SAND,30.305291925060036,26
OMG,30.574839512499906,5
APT,32.957051708342746,12
SUSHI,34.81882781399212,8
FET,37.86910334939789,5
LRC,38.80918273875018,5
kFLOKI,39.63794616240378,8
THETA,40.92552647695863,9
ETC,41.15902879142399,42
GALA,43.7422348476439,15
ENA,48.14916048785152,2
ARB,50.281683737775836,11
BIGTIME,53.75512127750025,2
WLD,57.73415549526912,15
OCEAN,60.7575541479009,1
1000LUNC,66.79417995660515,3
1000SATS,96.2579291316313,2
HIGH,97.42330481678161,2
FTM,101.94081694971928,39
HBAR,102.06936946049491,4
AVAX,128.22586976310157,54
BLZ,139.78379775843234,2
ADA,204.63413014590094,63
AXS,247.99921207120005,17
ETH,282.9235851951885,79
kPEPE,320.05645976997897,19
SOL,337.4547715748052,86
DOGE,356.57924981904546,78
SUI,371.1495452883886,12
REEF,389.706694430406,4
XRP,420.0960251847588,96
BTC,444.0423643625407,85
